U:0,U:1,U:2,p,Points:0,Points:1,Points:2
0.00651,0,0,0.970607,2.19358e-10,0.0002,4e-05
0.00725821,1.53964e-07,5.00064e-11,0.970067,1.07541e-05,0.0002,4e-05
0.00800642,3.07928e-07,1.00013e-10,0.969527,2.1508e-05,0.0002,4e-05
0.00875463,4.61892e-07,1.50019e-10,0.968987,3.22618e-05,0.0002,4e-05
0.00950284,6.15855e-07,2.00026e-10,0.968447,4.30157e-05,0.0002,4e-05
0.010034,3.60805e-07,8.25604e-11,0.967901,5.37696e-05,0.0002,4e-05
0.0101632,2.85211e-07,-3.47548e-10,0.967344,6.45235e-05,0.0002,4e-05
0.0102923,2.09618e-07,-7.77657e-10,0.966786,7.52773e-05,0.0002,4e-05
0.0104215,1.34024e-07,-1.20777e-09,0.966229,8.60312e-05,0.0002,4e-05
0.0105507,5.84302e-08,-1.63787e-09,0.965672,9.67851e-05,0.0002,4e-05
0.0106294,1.60473e-07,-1.47473e-09,0.965128,0.000107539,0.0002,4e-05
0.0106917,7.43671e-08,-1.11767e-09,0.964588,0.000118293,0.0002,4e-05
0.0107541,-1.17388e-08,-7.60602e-10,0.964049,0.000129047,0.0002,4e-05
0.0108164,-9.78447e-08,-4.03535e-10,0.96351,0.000139801,0.0002,4e-05
0.0108726,8.06721e-08,-1.19646e-10,0.962954,0.000150554,0.0002,4e-05
0.0109061,1.47247e-08,-1.02954e-10,0.962342,0.000161308,0.0002,4e-05
0.0109397,-5.12226e-08,-8.62612e-11,0.961729,0.000172062,0.0002,4e-05
0.0109732,-1.1717e-07,-6.95687e-11,0.961116,0.000182816,0.0002,4e-05
0.0110068,-1.83117e-07,-5.28762e-11,0.960503,0.00019357,0.0002,4e-05
0.0110219,6.23674e-08,-4.0077e-11,0.959931,0.000204324,0.0002,4e-05
0.01103,6.47282e-09,-2.87316e-11,0.959373,0.000215078,0.0002,4e-05
0.0110382,-4.94219e-08,-1.73863e-11,0.958816,0.000225832,0.0002,4e-05
0.0110464,-1.05316e-07,-6.04092e-12,0.958259,0.000236585,0.0002,4e-05
0.011056,6.04245e-09,1.85283e-12,0.957685,0.000247339,0.0002,4e-05
0.0110689,-1.12346e-08,1.41382e-12,0.957072,0.000258093,0.0002,4e-05
0.0110818,-2.85115e-08,9.7482e-13,0.956458,0.000268847,0.0002,4e-05
0.0110947,-4.57885e-08,5.35816e-13,0.955845,0.000279601,0.0002,4e-05
0.0111076,2.73918e-08,9.79059e-14,0.955231,0.000290355,0.0002,4e-05
0.0111066,3.48145e-08,2.40659e-13,0.95466,0.000301109,0.0002,4e-05
0.0111041,8.53462e-09,4.40887e-13,0.954093,0.000311863,0.0002,4e-05
0.0111017,-1.77452e-08,6.41114e-13,0.953526,0.000322616,0.0002,4e-05
0.0110993,-4.40251e-08,8.41341e-13,0.952959,0.00033337,0.0002,4e-05
0.0111022,3.35732e-10,8.55413e-13,0.952368,0.000344124,0.0002,4e-05
0.0111089,1.96574e-09,7.26514e-13,0.95176,0.000354878,0.0002,4e-05
0.0111155,3.59574e-09,5.97615e-13,0.951151,0.000365632,0.0002,4e-05
0.0111222,5.22575e-09,4.68715e-13,0.950542,0.000376386,0.0002,4e-05
0.0111258,3.87276e-08,3.35999e-13,0.949944,0.00038714,0.0002,4e-05
0.011122,2.46759e-08,1.90066e-13,0.949371,0.000397894,0.0002,4e-05
0.0111183,1.06241e-08,4.41332e-14,0.948797,0.000408647,0.0002,4e-05
0.0111145,-3.42756e-09,-1.01799e-13,0.948224,0.000419401,0.0002,4e-05
0.0111113,1.08639e-09,-2.47373e-13,0.947649,0.000430155,0.0002,4e-05
0.0111156,6.98341e-09,-2.59984e-13,0.947045,0.000440909,0.0002,4e-05
0.0111199,1.28804e-08,-2.72596e-13,0.946441,0.000451663,0.0002,4e-05
0.0111242,1.87774e-08,-2.85208e-13,0.945836,0.000462417,0.0002,4e-05
0.0111285,3.15888e-08,-2.97067e-13,0.945232,0.000473171,0.0002,4e-05
0.0111261,2.63835e-08,-2.48135e-13,0.944652,0.000483924,0.0002,4e-05
0.0111229,1.74916e-08,-1.91486e-13,0.944074,0.000494678,0.0002,4e-05
0.0111197,8.59972e-09,-1.34837e-13,0.943496,0.000505432,0.0002,4e-05
0.0111164,3.00102e-09,-8.20333e-14,0.942918,0.000516186,0.0002,4e-05
0.0111179,7.79354e-09,-3.61733e-14,0.942324,0.00052694,0.0002,4e-05
0.011121,1.35067e-08,1.03097e-14,0.941723,0.000537694,0.0002,4e-05
0.011124,1.92199e-08,5.67926e-14,0.941123,0.000548448,0.0002,4e-05
0.011127,2.55286e-08,1.06473e-13,0.940523,0.000559202,0.0002,4e-05
0.0111264,2.40338e-08,1.16487e-13,0.939935,0.000569955,0.0002,4e-05
0.0111239,1.78329e-08,1.02336e-13,0.939354,0.000580709,0.0002,4e-05
0.0111214,1.16319e-08,8.81842e-14,0.938773,0.000591463,0.0002,4e-05
0.0111189,6.49692e-09,7.34597e-14,0.938192,0.000602217,0.0002,4e-05
0.0111194,8.66696e-09,6.81856e-14,0.9376,0.000612971,0.0002,4e-05
0.0111216,1.32321e-08,6.93463e-14,0.937002,0.000623725,0.0002,4e-05
0.0111238,1.77973e-08,7.05071e-14,0.936405,0.000634479,0.0002,4e-05
0.011126,2.21731e-08,7.32286e-14,0.935807,0.000645233,0.0002,4e-05
0.0111256,2.06639e-08,1.32875e-13,0.935219,0.000655986,0.0002,4e-05
0.0111238,1.61704e-08,2.21745e-13,0.934635,0.00066674,0.0002,4e-05
0.0111219,1.16768e-08,3.10615e-13,0.934051,0.000677494,0.0002,4e-05
0.0111201,8.01428e-09,3.99314e-13,0.933468,0.000688248,0.0002,4e-05
0.0111207,9.73018e-09,5.02951e-13,0.932876,0.000699002,0.0002,4e-05
0.0111223,1.31488e-08,6.12996e-13,0.932281,0.000709756,0.0002,4e-05
0.0111239,1.65674e-08,7.23041e-13,0.931685,0.00072051,0.0002,4e-05
0.0111255,1.94929e-08,8.34373e-13,0.93109,0.000731264,0.0002,4e-05
0.0111247,1.73047e-08,8.84944e-13,0.930502,0.000742017,0.0002,4e-05
0.0111234,1.40114e-08,9.20792e-13,0.929917,0.000752771,0.0002,4e-05
0.011122,1.07181e-08,9.56639e-13,0.929331,0.000763525,0.0002,4e-05
0.0111207,8.34423e-09,9.90869e-13,0.928746,0.000774279,0.0002,4e-05
0.0111218,1.06392e-08,9.03896e-13,0.928153,0.000785033,0.0002,4e-05
0.0111229,1.31211e-08,8.11638e-13,0.927559,0.000795787,0.0002,4e-05
0.0111241,1.56031e-08,7.19379e-13,0.926965,0.000806541,0.0002,4e-05
0.011125,1.67618e-08,6.37586e-13,0.926372,0.000817295,0.0002,4e-05
0.011124,1.43425e-08,6.08766e-13,0.925785,0.000828048,0.0002,4e-05
0.011123,1.19232e-08,5.79946e-13,0.925199,0.000838802,0.0002,4e-05
0.011122,9.65885e-09,5.51096e-13,0.924612,0.000849556,0.0002,4e-05
0.0111218,9.41744e-09,5.45606e-13,0.924023,0.00086031,0.0002,4e-05
0.0111226,1.11826e-08,5.7648e-13,0.92343,0.000871064,0.0002,4e-05
0.0111235,1.29478e-08,6.07354e-13,0.922837,0.000881818,0.0002,4e-05
0.0111243,1.4466e-08,6.38422e-13,0.922244,0.000892572,0.0002,4e-05
0.0111241,1.36714e-08,6.90803e-13,0.921655,0.000903326,0.0002,4e-05
0.0111234,1.18966e-08,7.53292e-13,0.921067,0.000914079,0.0002,4e-05
0.0111227,1.01218e-08,8.1578e-13,0.92048,0.000924833,0.0002,4e-05
0.011122,8.8551e-09,8.77729e-13,0.919892,0.000935587,0.0002,4e-05
0.0111226,1.00896e-08,9.59757e-13,0.9193,0.000946341,0.0002,4e-05
0.0111232,1.13241e-08,1.04179e-12,0.918708,0.000957095,0.0002,4e-05
0.0111238,1.24882e-08,1.12389e-12,0.918116,0.000967849,0.0002,4e-05
0.011124,1.25755e-08,1.15995e-12,0.917525,0.000978603,0.0002,4e-05
0.0111235,1.12764e-08,1.11821e-12,0.916937,0.000989357,0.0002,4e-05
0.011123,9.97727e-09,1.07646e-12,0.916349,0.00100011,0.0002,4e-05
0.0111225,8.95025e-09,1.03515e-12,0.915761,0.00101086,0.0002,4e-05
0.0111228,9.42688e-09,9.55361e-13,0.91517,0.00102162,0.0002,4e-05
0.0111232,1.02735e-08,8.65015e-13,0.914578,0.00103237,0.0002,4e-05
0.0111237,1.10978e-08,7.74826e-13,0.913987,0.00104313,0.0002,4e-05
0.0111239,1.13724e-08,7.35079e-13,0.913396,0.00105388,0.0002,4e-05
0.0111235,1.04201e-08,8.51292e-13,0.912807,0.00106463,0.0002,4e-05
0.0111232,9.46786e-09,9.67505e-13,0.912218,0.00107539,0.0002,4e-05
0.0111228,8.70168e-09,1.08401e-12,0.91163,0.00108614,0.0002,4e-05
0.011123,8.94322e-09,1.26851e-12,0.911039,0.0010969,0.0002,4e-05
0.0111233,9.5073e-09,1.47731e-12,0.910448,0.00110765,0.0002,4e-05
0.0111236,1.00546e-08,1.68628e-12,0.909857,0.0011184,0.0002,4e-05
0.0111238,1.02067e-08,1.83845e-12,0.909267,0.00112916,0.0002,4e-05
0.0111235,9.50379e-09,1.83745e-12,0.908678,0.00113991,0.0002,4e-05
0.0111233,8.8009e-09,1.83645e-12,0.908088,0.00115066,0.0002,4e-05
0.011123,8.26086e-09,1.83436e-12,0.907499,0.00116142,0.0002,4e-05
0.0111232,8.49375e-09,1.68368e-12,0.906909,0.00117217,0.0002,4e-05
0.0111234,8.85429e-09,1.50693e-12,0.906318,0.00118293,0.0002,4e-05
0.0111236,9.20306e-09,1.32912e-12,0.905727,0.00119368,0.0002,4e-05
0.0111237,9.13533e-09,1.18027e-12,0.905137,0.00120443,0.0002,4e-05
0.0111235,8.61347e-09,1.06608e-12,0.904548,0.00121519,0.0002,4e-05
0.0111233,8.10312e-09,9.51553e-13,0.903958,0.00122594,0.0002,4e-05
0.0111232,7.80757e-09,8.33888e-13,0.903369,0.0012367,0.0002,4e-05
0.0111234,8.02649e-09,7.23707e-13,0.902778,0.00124745,0.0002,4e-05
0.0111235,8.2454e-09,6.13525e-13,0.902188,0.0012582,0.0002,4e-05
0.0111237,8.47259e-09,5.08775e-13,0.901597,0.00126896,0.0002,4e-05
0.0111236,8.1937e-09,4.60555e-13,0.901007,0.00127971,0.0002,4e-05
0.0111235,7.80389e-09,4.2434e-13,0.900418,0.00129046,0.0002,4e-05
0.0111234,7.47505e-09,3.94921e-13,0.899828,0.00130122,0.0002,4e-05
0.0111234,7.42103e-09,4.17865e-13,0.899238,0.00131197,0.0002,4e-05
0.0111235,7.54315e-09,4.77831e-13,0.898647,0.00132273,0.0002,4e-05
0.0111236,7.67606e-09,5.40934e-13,0.898057,0.00133348,0.0002,4e-05
0.0111237,7.68522e-09,6.3891e-13,0.897467,0.00134423,0.0002,4e-05
0.0111236,7.39197e-09,7.93898e-13,0.896877,0.00135499,0.0002,4e-05
0.0111235,7.1104e-09,9.55739e-13,0.896287,0.00136574,0.0002,4e-05
0.0111235,6.94394e-09,1.21165e-12,0.895698,0.0013765,0.0002,4e-05
0.0111235,7.00039e-09,1.76273e-12,0.895107,0.00138725,0.0002,4e-05
0.0111236,7.05684e-09,2.31381e-12,0.894517,0.001398,0.0002,4e-05
0.0111237,7.16162e-09,3.03534e-12,0.893927,0.00140876,0.0002,4e-05
0.0111236,6.94101e-09,3.57598e-12,0.893337,0.00141951,0.0002,4e-05
0.0111236,6.71598e-09,4.11414e-12,0.892747,0.00143027,0.0002,4e-05
0.0111235,6.55682e-09,4.74132e-12,0.892157,0.00144102,0.0002,4e-05
0.0111236,6.54625e-09,5.06896e-12,0.891567,0.00145177,0.0002,4e-05
0.0111236,6.55626e-09,5.35046e-12,0.890977,0.00146253,0.0002,4e-05
0.0111237,6.6111e-09,4.97767e-12,0.890387,0.00147328,0.0002,4e-05
0.0111237,6.48318e-09,3.67562e-12,0.889797,0.00148403,0.0002,4e-05
0.0111236,6.30445e-09,2.17187e-12,0.889207,0.00149479,0.0002,4e-05
0.0111236,6.17417e-09,-3.3079e-13,0.888617,0.00150554,0.0002,4e-05
0.0111236,6.1294e-09,-1.95033e-12,0.888027,0.0015163,0.0002,4e-05
0.0111237,6.10832e-09,-3.17205e-12,0.887437,0.00152705,0.0002,4e-05
0.0111237,6.13248e-09,-4.83803e-12,0.886847,0.0015378,0.0002,4e-05
0.0111237,6.03337e-09,-4.61746e-12,0.886257,0.00154856,0.0002,4e-05
0.0111237,5.88645e-09,-3.69192e-12,0.885667,0.00155931,0.0002,4e-05
0.0111237,5.78603e-09,-2.64512e-12,0.885077,0.00157007,0.0002,4e-05
0.0111237,5.73266e-09,-1.96917e-12,0.884487,0.00158082,0.0002,4e-05
0.0111237,5.68982e-09,-1.41378e-12,0.883897,0.00159157,0.0002,4e-05
0.0111238,5.69946e-09,-5.97872e-13,0.883307,0.00160233,0.0002,4e-05
0.0111238,5.59935e-09,-1.80358e-13,0.882717,0.00161308,0.0002,4e-05
0.0111238,5.47533e-09,1.48039e-13,0.882127,0.00162383,0.0002,4e-05
0.0111237,5.40384e-09,7.34289e-13,0.881537,0.00163459,0.0002,4e-05
0.0111238,5.34679e-09,9.65296e-13,0.880946,0.00164534,0.0002,4e-05
0.0111238,5.29646e-09,1.19971e-12,0.880356,0.0016561,0.0002,4e-05
0.0111238,5.29398e-09,1.69663e-12,0.879766,0.00166685,0.0002,4e-05
0.0111238,5.18492e-09,1.59225e-12,0.879176,0.0016776,0.0002,4e-05
0.0111238,5.08957e-09,1.55187e-12,0.878586,0.00168836,0.0002,4e-05
0.0111238,5.03102e-09,1.61179e-12,0.877997,0.00169911,0.0002,4e-05
0.0111238,4.96595e-09,1.39206e-12,0.877407,0.00170987,0.0002,4e-05
0.0111238,4.92794e-09,1.31698e-12,0.876817,0.00172062,0.0002,4e-05
0.0111238,4.88293e-09,1.36286e-12,0.876227,0.00173137,0.0002,4e-05
0.0111239,4.78448e-09,1.34202e-12,0.875637,0.00174213,0.0002,4e-05
0.0111239,4.72109e-09,1.56904e-12,0.875047,0.00175288,0.0002,4e-05
0.0111239,4.65887e-09,1.65903e-12,0.874456,0.00176364,0.0002,4e-05
0.0111239,4.58887e-09,1.61565e-12,0.873866,0.00177439,0.0002,4e-05
0.0111239,4.57296e-09,1.83272e-12,0.873276,0.00178514,0.0002,4e-05
0.0111239,4.48993e-09,1.44973e-12,0.872686,0.0017959,0.0002,4e-05
0.0111239,4.41238e-09,1.06393e-12,0.872096,0.00180665,0.0002,4e-05
0.0111239,4.36534e-09,8.1063e-13,0.871506,0.0018174,0.0002,4e-05
0.0111239,4.29439e-09,4.14622e-13,0.870916,0.00182816,0.0002,4e-05
0.0111239,4.25471e-09,1.02613e-13,0.870326,0.00183891,0.0002,4e-05
0.0111239,4.20344e-09,-1.15003e-13,0.869736,0.00184967,0.0002,4e-05
0.0111239,4.12164e-09,-3.0395e-13,0.869146,0.00186042,0.0002,4e-05
0.0111239,4.08431e-09,-4.30454e-13,0.868555,0.00187117,0.0002,4e-05
0.011124,4.01911e-09,-5.75354e-13,0.867965,0.00188193,0.0002,4e-05
0.011124,3.96666e-09,-7.20046e-13,0.867375,0.00189268,0.0002,4e-05
0.011124,3.93389e-09,-8.50616e-13,0.866785,0.00190344,0.0002,4e-05
0.011124,3.8596e-09,-9.61397e-13,0.866195,0.00191419,0.0002,4e-05
0.011124,3.81955e-09,-1.08877e-12,0.865606,0.00192494,0.0002,4e-05
0.011124,3.76526e-09,-1.15645e-12,0.865016,0.0019357,0.0002,4e-05
0.011124,3.70852e-09,-1.20353e-12,0.864426,0.00194645,0.0002,4e-05
0.011124,3.68516e-09,-1.26638e-12,0.863836,0.00195721,0.0002,4e-05
0.011124,3.61669e-09,-1.20163e-12,0.863246,0.00196796,0.0002,4e-05
0.011124,3.57833e-09,-1.16334e-12,0.862655,0.00197871,0.0002,4e-05
0.011124,3.5304e-09,-1.02562e-12,0.862065,0.00198947,0.0002,4e-05
0.011124,3.47511e-09,-8.20177e-13,0.861475,0.00200022,0.0002,4e-05
0.011124,3.45364e-09,-6.0759e-13,0.860885,0.00201097,0.0002,4e-05
0.011124,3.38906e-09,-2.95083e-13,0.860295,0.00202173,0.0002,4e-05
0.0111241,3.35584e-09,1.35662e-14,0.859705,0.00203248,0.0002,4e-05
0.0111241,3.30843e-09,2.42643e-13,0.859115,0.00204324,0.0002,4e-05
0.0111241,3.25938e-09,4.29852e-13,0.858525,0.00205399,0.0002,4e-05
0.0111241,3.23412e-09,5.71995e-13,0.857935,0.00206474,0.0002,4e-05
0.0111241,3.17267e-09,5.85702e-13,0.857345,0.0020755,0.0002,4e-05
0.0111241,3.14895e-09,5.959e-13,0.856755,0.00208625,0.0002,4e-05
0.0111241,3.09744e-09,5.60039e-13,0.856165,0.00209701,0.0002,4e-05
0.0111241,3.06013e-09,5.14823e-13,0.855575,0.00210776,0.0002,4e-05
0.0111241,3.02716e-09,4.69506e-13,0.854985,0.00211851,0.0002,4e-05
0.0111241,2.97472e-09,4.23697e-13,0.854395,0.00212927,0.0002,4e-05
0.0111241,2.95672e-09,3.75244e-13,0.853805,0.00214002,0.0002,4e-05
0.0111241,2.90149e-09,2.8446e-13,0.853215,0.00215077,0.0002,4e-05
0.0111241,2.882e-09,1.96472e-13,0.852624,0.00216153,0.0002,4e-05
0.0111241,2.83882e-09,-2.37963e-14,0.852034,0.00217228,0.0002,4e-05
0.0111241,2.80719e-09,-2.81293e-13,0.851444,0.00218304,0.0002,4e-05
0.0111241,2.77818e-09,-4.44653e-13,0.850854,0.00219379,0.0002,4e-05
0.0111242,2.73762e-09,-5.05261e-13,0.850264,0.00220454,0.0002,4e-05
0.0111242,2.72393e-09,-5.07984e-13,0.849674,0.0022153,0.0002,4e-05
0.0111242,2.67656e-09,-3.01972e-13,0.849084,0.00222605,0.0002,4e-05
0.0111242,2.67223e-09,-8.66287e-14,0.848494,0.00223681,0.0002,4e-05
0.0111242,2.62848e-09,1.31855e-13,0.847904,0.00224756,0.0002,4e-05
0.0111242,2.61946e-09,3.62877e-13,0.847314,0.00225831,0.0002,4e-05
0.0111242,2.59007e-09,2.7899e-13,0.846724,0.00226907,0.0002,4e-05
0.0111242,2.57583e-09,8.84399e-14,0.846134,0.00227982,0.0002,4e-05
0.0111242,2.55737e-09,-1.50217e-13,0.845544,0.00229058,0.0002,4e-05
0.0111242,2.54016e-09,-4.18151e-13,0.844954,0.00230133,0.0002,4e-05
0.0111242,2.53875e-09,-3.23742e-13,0.844364,0.00231208,0.0002,4e-05
0.0111242,2.52144e-09,2.91742e-13,0.843773,0.00232284,0.0002,4e-05
0.0111242,2.53201e-09,9.02342e-13,0.843183,0.00233359,0.0002,4e-05
0.0111242,2.5106e-09,1.68936e-12,0.842593,0.00234434,0.0002,4e-05
0.0111242,2.54496e-09,2.2743e-12,0.842003,0.0023551,0.0002,4e-05
0.0111242,2.53259e-09,2.29682e-12,0.841413,0.00236585,0.0002,4e-05
0.0111243,2.58583e-09,2.41064e-12,0.840823,0.00237661,0.0002,4e-05
0.0111243,2.57441e-09,1.83398e-12,0.840233,0.00238736,0.0002,4e-05
0.0111243,2.66307e-09,1.40998e-12,0.839643,0.00239811,0.0002,4e-05
0.0111243,2.69277e-09,9.82445e-13,0.839053,0.00240887,0.0002,4e-05
0.0111243,2.81253e-09,5.8954e-13,0.838463,0.00241962,0.0002,4e-05
0.0111243,2.86373e-09,7.22284e-13,0.837873,0.00243038,0.0002,4e-05
0.0111243,3.05183e-09,9.36823e-13,0.837283,0.00244113,0.0002,4e-05
0.0111243,3.20594e-09,1.23442e-12,0.836693,0.00245188,0.0002,4e-05
0.0111243,3.48955e-09,1.57369e-12,0.836103,0.00246264,0.0002,4e-05
0.0111243,3.71601e-09,1.71126e-12,0.835512,0.00247339,0.0002,4e-05
0.0111243,4.15054e-09,1.80472e-12,0.834922,0.00248414,0.0002,4e-05
0.0111243,4.63461e-09,1.81923e-12,0.834332,0.0024949,0.0002,4e-05
0.0111243,5.32595e-09,1.77882e-12,0.833742,0.00250565,0.0002,4e-05
0.0111243,5.94881e-09,1.62079e-12,0.833152,0.00251641,0.0002,4e-05
0.0111243,6.86685e-09,1.38503e-12,0.832562,0.00252716,0.0002,4e-05
0.0111243,7.93476e-09,8.02466e-13,0.831972,0.00253791,0.0002,4e-05
0.0111243,8.95851e-09,2.13095e-13,0.831382,0.00254867,0.0002,4e-05
0.0111243,8.75335e-09,-1.54181e-13,0.830792,0.00255942,0.0002,4e-05
0.0111243,7.37462e-09,-4.57726e-13,0.830202,0.00257018,0.0002,4e-05
0.0111243,2.83906e-09,-5.24857e-13,0.829612,0.00258093,0.0002,4e-05
0.0111243,-1.50046e-09,-6.12172e-13,0.829022,0.00259168,0.0002,4e-05
0.0111243,-5.93893e-09,-7.23762e-13,0.828431,0.00260244,0.0002,4e-05
0.0111243,-7.67136e-09,-7.71675e-13,0.827841,0.00261319,0.0002,4e-05
0.0111243,-7.75048e-09,-7.72288e-13,0.827251,0.00262395,0.0002,4e-05
0.0111243,-6.92774e-09,-7.35364e-13,0.826661,0.0026347,0.0002,4e-05
0.0111243,-5.63399e-09,-6.71755e-13,0.826071,0.00264545,0.0002,4e-05
0.0111243,-4.55742e-09,-5.39319e-13,0.825481,0.00265621,0.0002,4e-05
0.0111243,-3.60013e-09,-3.28156e-13,0.824891,0.00266696,0.0002,4e-05
0.0111243,-2.92543e-09,-1.07676e-13,0.8243,0.00267771,0.0002,4e-05
0.0111243,-1.9886e-09,1.54455e-13,0.823711,0.00268847,0.0002,4e-05
0.0111243,-1.60116e-09,4.17281e-13,0.823121,0.00269922,0.0002,4e-05
0.0111243,-9.5456e-10,4.28147e-13,0.822531,0.00270998,0.0002,4e-05
0.0111243,-6.20229e-10,4.16182e-13,0.821941,0.00272073,0.0002,4e-05
0.0111243,-2.18554e-10,2.92024e-13,0.821351,0.00273148,0.0002,4e-05
0.0111243,2.98473e-10,4.38857e-14,0.820761,0.00274224,0.0002,4e-05
0.0111243,3.74285e-10,-2.00743e-13,0.820171,0.00275299,0.0002,4e-05
0.0111244,9.51109e-10,-2.9414e-13,0.819581,0.00276375,0.0002,4e-05
0.0111244,1.14231e-09,-3.7967e-13,0.81899,0.0027745,0.0002,4e-05
0.0111244,1.42536e-09,-3.73767e-13,0.8184,0.00278525,0.0002,4e-05
0.0111244,2.15222e-09,-2.15192e-13,0.81781,0.00279601,0.0002,4e-05
0.0111244,2.04562e-09,-5.38989e-14,0.81722,0.00280676,0.0002,4e-05
0.0111245,2.762e-09,1.59038e-13,0.81663,0.00281751,0.0002,4e-05
0.0111245,3.24042e-09,3.91861e-13,0.81604,0.00282827,0.0002,4e-05
0.0111246,3.08199e-09,6.09824e-13,0.81545,0.00283902,0.0002,4e-05
0.0111246,4.64794e-09,6.08208e-13,0.81486,0.00284978,0.0002,4e-05
0.0111246,4.66868e-09,6.10454e-13,0.81427,0.00286053,0.0002,4e-05
0.0111247,5.27414e-09,5.5495e-13,0.81368,0.00287128,0.0002,4e-05
0.0111247,7.38933e-09,4.09913e-13,0.81309,0.00288204,0.0002,4e-05
0.0111248,6.3085e-09,2.72877e-13,0.8125,0.00289279,0.0002,4e-05
0.0111249,8.84746e-09,4.3192e-14,0.81191,0.00290355,0.0002,4e-05
0.011125,1.03891e-08,-2.17037e-13,0.81132,0.0029143,0.0002,4e-05
0.0111251,9.38353e-09,-4.82896e-13,0.81073,0.00292505,0.0002,4e-05
0.0111252,1.54086e-08,-8.50871e-13,0.81014,0.00293581,0.0002,4e-05
0.0111254,1.40089e-08,-1.22609e-12,0.80955,0.00294656,0.0002,4e-05
0.0111256,1.76481e-08,-1.55381e-12,0.808959,0.00295732,0.0002,4e-05
0.0111258,2.40572e-08,-1.83964e-12,0.808369,0.00296807,0.0002,4e-05
0.011126,1.9297e-08,-2.14142e-12,0.807779,0.00297882,0.0002,4e-05
0.0111264,3.48744e-08,-2.46455e-12,0.807189,0.00298958,0.0002,4e-05
0.0111267,3.19029e-08,-2.8328e-12,0.806599,0.00300033,0.0002,4e-05
0.0111271,4.30979e-08,-3.29228e-12,0.806009,0.00301108,0.0002,4e-05
0.0111277,5.47067e-08,-3.86119e-12,0.805419,0.00302184,0.0002,4e-05
0.0111283,5.43037e-08,-4.59771e-12,0.804829,0.00303259,0.0002,4e-05
0.0111291,8.53007e-08,-5.69416e-12,0.804239,0.00304335,0.0002,4e-05
0.0111299,6.41523e-08,-7.06601e-12,0.803648,0.0030541,0.0002,4e-05
0.0111311,1.22736e-07,-7.73552e-12,0.803058,0.00306485,0.0002,4e-05
0.0111324,9.72281e-08,-8.59149e-12,0.802467,0.00307561,0.0002,4e-05
0.0111341,1.36708e-07,-8.84387e-12,0.801877,0.00308636,0.0002,4e-05
0.0111359,6.72842e-08,-9.17591e-12,0.801286,0.00309712,0.0002,4e-05
0.0111385,4.53789e-08,-1.31511e-11,0.800695,0.00310787,0.0002,4e-05
0.0111411,-1.34602e-07,-1.83446e-11,0.800103,0.00311862,0.0002,4e-05
0.0111448,-8.92245e-08,-2.30109e-11,0.799514,0.00312938,0.0002,4e-05
0.0111487,-2.07376e-07,-2.67248e-11,0.798925,0.00314013,0.0002,4e-05
0.0111538,-1.16504e-07,-1.79198e-11,0.798333,0.00315088,0.0002,4e-05
0.0111599,-9.78344e-09,-4.35062e-12,0.797741,0.00316164,0.0002,4e-05
0.0111672,1.34384e-08,5.00151e-12,0.797149,0.00317239,0.0002,4e-05
0.011176,4.86806e-08,1.47627e-12,0.796557,0.00318315,0.0002,4e-05
0.0111866,1.01722e-07,-3.44959e-12,0.795963,0.0031939,0.0002,4e-05
0.0111995,1.73609e-07,-3.81101e-12,0.795369,0.00320465,0.0002,4e-05
0.0112149,1.05934e-07,-3.49572e-12,0.794775,0.00321541,0.0002,4e-05
0.0112338,1.93209e-07,-3.48414e-12,0.794179,0.00322616,0.0002,4e-05
0.0112565,1.60853e-07,-2.71723e-12,0.793581,0.00323692,0.0002,4e-05
0.011284,1.66178e-07,-2.52808e-12,0.792983,0.00324767,0.0002,4e-05
0.0113174,2.01823e-07,-2.65184e-12,0.792383,0.00325842,0.0002,4e-05
0.0113576,2.1391e-07,-2.40505e-12,0.791781,0.00326918,0.0002,4e-05
0.0114067,1.9348e-07,-2.07859e-12,0.791176,0.00327993,0.0002,4e-05
0.011466,2.66319e-07,-1.79309e-12,0.790568,0.00329069,0.0002,4e-05
0.0115379,2.62427e-07,7.48614e-14,0.789957,0.00330144,0.0002,4e-05
0.0116234,3.40098e-07,-1.98805e-13,0.789352,0.00331219,0.0002,4e-05
0.0117304,4.68454e-07,6.79666e-13,0.788723,0.00332295,0.0002,4e-05
0.0118588,6.20053e-07,1.4569e-12,0.788096,0.0033337,0.0002,4e-05
0.0120144,7.50953e-07,1.75039e-12,0.787462,0.00334445,0.0002,4e-05
0.0122023,8.75417e-07,1.03258e-12,0.786818,0.00335521,0.0002,4e-05
0.0124292,9.8013e-07,9.33509e-13,0.786163,0.00336596,0.0002,4e-05
0.0127026,1.04298e-06,2.01717e-12,0.785494,0.00337672,0.0002,4e-05
0.0130319,1.16491e-06,5.53096e-13,0.784809,0.00338747,0.0002,4e-05
0.0134315,2.06534e-06,-7.85288e-12,0.784103,0.00339822,0.0002,4e-05
0.0139117,2.24635e-06,-9.35117e-12,0.783372,0.00340898,0.0002,4e-05
0.0144875,2.32213e-06,-1.05811e-11,0.782611,0.00341973,0.0002,4e-05
0.0151759,2.22777e-06,-1.44199e-11,0.781815,0.00343049,0.0002,4e-05
0.0159967,1.88295e-06,-1.74321e-11,0.780975,0.00344124,0.0002,4e-05
0.0169746,2.2519e-06,-1.85013e-11,0.780082,0.00345199,0.0002,4e-05
0.0181395,5.03011e-06,-1.52368e-11,0.779123,0.00346275,0.0002,4e-05
0.019512,5.08851e-06,-5.69389e-12,0.778087,0.0034735,0.0002,4e-05
0.0211192,4.30246e-06,1.39773e-11,0.776957,0.00348425,0.0002,4e-05
0.0229877,2.90728e-06,4.11669e-11,0.775716,0.00349501,0.0002,4e-05
0.0251412,4.79135e-07,5.78762e-11,0.774339,0.00350576,0.0002,4e-05
0.02761,3.10827e-07,6.44217e-11,0.77279,0.00351652,0.0002,4e-05
0.0303855,7.29154e-07,7.98115e-11,0.771051,0.00352727,0.0002,4e-05
0.0334619,3.49416e-07,7.3004e-11,0.769082,0.00353802,0.0002,4e-05
0.0368273,8.16787e-07,3.19343e-11,0.766841,0.00354878,0.0002,4e-05
0.0404537,2.39157e-06,-3.12119e-11,0.764277,0.00355953,0.0002,4e-05
0.0442932,3.41586e-06,-9.78603e-11,0.761351,0.00357029,0.0002,4e-05
0.0482992,2.6342e-06,-1.32441e-10,0.758014,0.00358104,0.0002,4e-05
0.0524257,1.95617e-06,-1.24551e-10,0.754212,0.00359179,0.0002,4e-05
0.0566298,1.44573e-06,-6.37114e-11,0.749884,0.00360255,0.0002,4e-05
0.0608744,7.97538e-07,1.51677e-11,0.74496,0.0036133,0.0002,4e-05
0.0651307,-1.41092e-07,-6.35849e-11,0.739372,0.00362406,0.0002,4e-05
0.0693777,-1.12901e-06,-6.16172e-10,0.73305,0.00363481,0.0002,4e-05
0.0736016,-1.64765e-06,-2.09929e-09,0.725939,0.00364556,0.0002,4e-05
0.0777912,-1.31462e-06,-5.04344e-09,0.717946,0.00365632,0.0002,4e-05
0.0819384,-3.73502e-07,-9.83973e-09,0.708992,0.00366707,0.0002,4e-05
0.0860474,3.37148e-07,-1.79958e-08,0.698982,0.00367782,0.0002,4e-05
0.0901348,1.00607e-07,-2.95964e-08,0.687768,0.00368858,0.0002,4e-05
0.0941287,-1.6848e-07,-4.12134e-08,0.675339,0.00369933,0.0002,4e-05
0.0980735,-1.71562e-10,-5.15182e-08,0.661586,0.00371009,0.0002,4e-05
0.101967,4.52907e-07,-5.88808e-08,0.646378,0.00372084,0.0002,4e-05
0.105807,6.46377e-07,-6.04813e-08,0.629606,0.00373159,0.0002,4e-05
0.109591,-5.287e-09,-5.57047e-08,0.611169,0.00374235,0.0002,4e-05
0.113321,-1.51306e-06,-4.68718e-08,0.590943,0.0037531,0.0002,4e-05
0.117001,-2.24998e-06,-4.06484e-08,0.568784,0.00376386,0.0002,4e-05
0.120647,-1.32902e-06,-3.75289e-08,0.544553,0.00377461,0.0002,4e-05
0.124231,4.26683e-07,-2.75216e-08,0.518117,0.00378536,0.0002,4e-05
0.127254,8.70115e-08,-5.93911e-08,0.489364,0.00379612,0.0002,4e-05
0.127675,6.68522e-07,-1.06015e-07,0.45902,0.00380687,0.0002,4e-05
0.119584,-8.08564e-06,-1.33514e-07,0.429991,0.00381762,0.0002,4e-05
0.098489,-4.17279e-07,-8.4502e-08,0.40878,0.00382838,0.0002,4e-05
0.0756166,1.1207e-07,-2.91356e-08,0.397067,0.00383913,0.0002,4e-05
0.0582664,1.02494e-05,-2.93838e-10,0.390619,0.00384989,0.0002,4e-05
0.0460723,1.02012e-05,8.45671e-09,0.386638,0.00386064,0.0002,4e-05
0.0374389,1.56298e-05,8.59168e-09,0.383881,0.00387139,0.0002,4e-05
0.0312145,1.55804e-05,6.2749e-09,0.381812,0.00388215,0.0002,4e-05
0.0266312,1.2294e-06,3.9396e-09,0.380158,0.0038929,0.0002,4e-05
0.0232501,1.05994e-05,2.21161e-09,0.37879,0.00390366,0.0002,4e-05
0.0206808,1.12658e-05,1.10409e-09,0.377606,0.00391441,0.0002,4e-05
0.018711,8.73262e-06,4.74448e-10,0.376556,0.00392516,0.0002,4e-05
0.0171848,7.72004e-06,1.54286e-10,0.375605,0.00393592,0.0002,4e-05
0.0159904,7.10936e-06,1.51731e-11,0.37473,0.00394667,0.0002,4e-05
0.0150479,5.68135e-06,-3.23587e-11,0.373912,0.00395743,0.0002,4e-05
0.0142991,4.61967e-06,-3.79048e-11,0.373139,0.00396818,0.0002,4e-05
0.0137007,3.44362e-06,-3.08031e-11,0.372401,0.00397893,0.0002,4e-05
0.0132196,1.38566e-06,-1.98144e-11,0.371691,0.00398969,0.0002,4e-05
0.0128323,9.30138e-07,-1.12243e-11,0.371004,0.00400044,0.0002,4e-05
0.0125187,1.52889e-07,-7.18259e-12,0.370334,0.00401119,0.0002,4e-05
0.012265,5.07045e-07,-3.67284e-12,0.369679,0.00402195,0.0002,4e-05
0.0120562,5.43058e-07,-5.96438e-13,0.369028,0.0040327,0.0002,4e-05
0.0118899,1.24833e-07,-4.2766e-14,0.3684,0.00404346,0.0002,4e-05
0.0117531,2.06708e-07,-5.82434e-14,0.367775,0.00405421,0.0002,4e-05
0.011641,2.54412e-07,-1.44949e-12,0.367155,0.00406496,0.0002,4e-05
0.0115493,2.7841e-07,-3.52896e-12,0.366541,0.00407572,0.0002,4e-05
0.0114739,2.85899e-07,-6.86333e-13,0.365932,0.00408647,0.0002,4e-05
0.0114121,2.82328e-07,1.00492e-11,0.365325,0.00409723,0.0002,4e-05
0.0113613,2.71204e-07,1.00258e-11,0.364721,0.00410798,0.0002,4e-05
0.0113196,2.55348e-07,7.4038e-12,0.364121,0.00411873,0.0002,4e-05
0.0112853,2.36749e-07,5.2643e-12,0.363521,0.00412949,0.0002,4e-05
0.0112571,2.16827e-07,5.05233e-12,0.362923,0.00414024,0.0002,4e-05
0.0112338,1.84617e-07,6.92643e-12,0.362327,0.004151,0.0002,4e-05
0.0112147,1.37104e-07,8.98539e-12,0.361732,0.00416175,0.0002,4e-05
0.011199,1.00566e-07,1.08801e-11,0.361138,0.0041725,0.0002,4e-05
0.011186,7.25891e-08,1.34454e-11,0.360544,0.00418326,0.0002,4e-05
0.0111753,5.13254e-08,1.53813e-11,0.359951,0.00419401,0.0002,4e-05
0.0111664,3.52934e-08,1.81928e-11,0.359359,0.00420476,0.0002,4e-05
0.0111591,2.33496e-08,1.81169e-11,0.358766,0.00421552,0.0002,4e-05
0.0111531,1.45419e-08,1.74707e-11,0.358175,0.00422627,0.0002,4e-05
0.0111481,3.43746e-08,1.04277e-11,0.35758,0.00423703,0.0002,4e-05
0.011144,1.63216e-08,3.97119e-12,0.356992,0.00424778,0.0002,4e-05
0.0111405,2.1679e-08,-4.75135e-12,0.356401,0.00425853,0.0002,4e-05
0.0111377,1.13391e-08,-7.1547e-12,0.35581,0.00426929,0.0002,4e-05
0.0111354,1.95551e-08,-1.06843e-11,0.355219,0.00428004,0.0002,4e-05
0.0111335,1.06535e-09,-1.20131e-11,0.354628,0.0042908,0.0002,4e-05
0.0111319,1.47487e-08,-1.10778e-11,0.354038,0.00430155,0.0002,4e-05
0.0111306,1.07147e-08,-1.11573e-11,0.353447,0.0043123,0.0002,4e-05
0.0111295,1.80211e-09,-1.0189e-11,0.352857,0.00432306,0.0002,4e-05
0.0111287,2.21161e-09,-9.59144e-12,0.352267,0.00433381,0.0002,4e-05
0.011128,4.74027e-09,-9.66107e-12,0.351676,0.00434456,0.0002,4e-05
0.0111274,5.63301e-09,-9.87695e-12,0.351086,0.00435532,0.0002,4e-05
0.0111269,5.39831e-09,-9.79761e-12,0.350496,0.00436607,0.0002,4e-05
0.0111265,4.45623e-09,-1.03928e-11,0.349906,0.00437683,0.0002,4e-05
0.0111261,3.13569e-09,-1.07038e-11,0.349315,0.00438758,0.0002,4e-05
0.0111259,1.68874e-09,-5.49071e-12,0.348725,0.00439833,0.0002,4e-05
0.0111256,3.00238e-10,2.62252e-12,0.348135,0.00440909,0.0002,4e-05
0.0111254,5.812e-10,5.73669e-12,0.347545,0.00441984,0.0002,4e-05
0.0111253,1.8753e-09,5.05482e-12,0.346955,0.0044306,0.0002,4e-05
0.0111252,2.35297e-09,3.68254e-12,0.346365,0.00444135,0.0002,4e-05
0.0111251,7.01802e-10,2.43671e-12,0.345775,0.0044521,0.0002,4e-05
0.011125,2.71907e-10,1.93901e-12,0.345185,0.00446286,0.0002,4e-05
0.0111249,1.36211e-09,1.79749e-12,0.344595,0.00447361,0.0002,4e-05
0.0111248,5.67357e-10,1.53549e-12,0.344005,0.00448437,0.0002,4e-05
0.0111248,2.37092e-10,1.00831e-12,0.343414,0.00449512,0.0002,4e-05
0.0111248,9.83869e-10,6.69459e-13,0.342824,0.00450587,0.0002,4e-05
0.0111247,7.90512e-11,4.05758e-13,0.342234,0.00451663,0.0002,4e-05
0.0111247,5.05258e-10,3.28438e-13,0.341644,0.00452738,0.0002,4e-05
0.0111247,2.25884e-10,2.4072e-13,0.341054,0.00453813,0.0002,4e-05
0.0111247,2.64227e-10,1.28148e-13,0.340464,0.00454889,0.0002,4e-05
0.0111247,2.29576e-10,1.79628e-13,0.339874,0.00455964,0.0002,4e-05
0.0111247,1.72511e-10,3.63452e-13,0.339284,0.0045704,0.0002,4e-05
0.0111246,1.72896e-10,7.00414e-13,0.338694,0.00458115,0.0002,4e-05
0.0111246,1.46492e-10,1.14478e-12,0.338104,0.0045919,0.0002,4e-05
0.0111246,1.06987e-10,1.52954e-12,0.337513,0.00460266,0.0002,4e-05
0.0111246,1.38467e-10,1.86018e-12,0.336923,0.00461341,0.0002,4e-05
0.0111246,5.65386e-11,1.99138e-12,0.336333,0.00462417,0.0002,4e-05
0.0111246,1.18485e-10,1.707e-12,0.335743,0.00463492,0.0002,4e-05
0.0111246,3.64473e-11,1.42905e-12,0.335153,0.00464567,0.0002,4e-05
0.0111246,6.86019e-11,1.08936e-12,0.334563,0.00465643,0.0002,4e-05
0.0111246,5.47384e-11,7.56054e-13,0.333973,0.00466718,0.0002,4e-05
0.0111246,4.37913e-11,5.65161e-13,0.333383,0.00467793,0.0002,4e-05
0.0111246,4.56171e-11,4.93725e-13,0.332793,0.00468869,0.0002,4e-05
0.0111246,4.48876e-11,4.28768e-13,0.332203,0.00469944,0.0002,4e-05
0.0111246,6.0523e-11,4.36642e-13,0.331613,0.0047102,0.0002,4e-05
0.0111246,5.83963e-11,4.51828e-13,0.331023,0.00472095,0.0002,4e-05
0.0111246,6.71182e-11,4.75835e-13,0.330433,0.0047317,0.0002,4e-05
0.0111246,2.00122e-10,5.32766e-13,0.329845,0.00474246,0.0002,4e-05
0.0111246,1.42821e-10,5.8544e-13,0.329257,0.00475321,0.0002,4e-05
0.0111246,8.13717e-11,6.71033e-13,0.328667,0.00476397,0.0002,4e-05
0.0111246,1.70365e-10,8.62442e-13,0.328075,0.00477472,0.0002,4e-05
0.0111246,5.34294e-11,1.06394e-12,0.327483,0.00478547,0.0002,4e-05
0.0111246,9.6825e-11,1.31986e-12,0.326893,0.00479623,0.0002,4e-05
0.0111246,3.48704e-11,1.48188e-12,0.326303,0.00480698,0.0002,4e-05
0.0111246,4.97799e-11,1.31238e-12,0.325713,0.00481773,0.0002,4e-05
0.0111246,2.18514e-11,1.16142e-12,0.325123,0.00482849,0.0002,4e-05
0.0111246,1.26675e-11,1.18428e-12,0.324533,0.00483924,0.0002,4e-05
0.0111246,1.44035e-11,1.2174e-12,0.323942,0.00485,0.0002,4e-05
0.0111246,-9.31762e-12,1.58785e-12,0.323352,0.00486075,0.0002,4e-05
0.0111246,5.5511e-12,1.95182e-12,0.322762,0.0048715,0.0002,4e-05
0.0111246,-1.62306e-11,1.84168e-12,0.322172,0.00488226,0.0002,4e-05
0.0111246,-6.45844e-12,1.68343e-12,0.321582,0.00489301,0.0002,4e-05
0.0111246,-2.08146e-11,1.29833e-12,0.320992,0.00490377,0.0002,4e-05
0.0111246,-1.87891e-11,8.38684e-13,0.320402,0.00491452,0.0002,4e-05
0.0111246,-2.34874e-11,5.9261e-13,0.319812,0.00492527,0.0002,4e-05
0.0111246,-2.90306e-11,5.01601e-13,0.319222,0.00493603,0.0002,4e-05
0.0111246,-2.83542e-11,4.58932e-13,0.318632,0.00494678,0.0002,4e-05
0.0111246,-3.89489e-11,5.09271e-13,0.318042,0.00495754,0.0002,4e-05
0.0111246,-3.39295e-11,5.43697e-13,0.317452,0.00496829,0.0002,4e-05
0.0111246,-4.54621e-11,4.90687e-13,0.316862,0.00497904,0.0002,4e-05
0.0111246,-4.27533e-11,4.31671e-13,0.316271,0.0049898,0.0002,4e-05
0.0111246,-4.99341e-11,4.32855e-13,0.315681,0.00500055,0.0002,4e-05
0.0111246,-5.17486e-11,4.42792e-13,0.315091,0.0050113,0.0002,4e-05
0.0111246,-5.40414e-11,5.36571e-13,0.314501,0.00502206,0.0002,4e-05
0.0111246,-5.83173e-11,7.11634e-13,0.313911,0.00503281,0.0002,4e-05
0.0111246,-5.8753e-11,8.6409e-13,0.313321,0.00504357,0.0002,4e-05
0.0111246,-6.42774e-11,9.11419e-13,0.312731,0.00505432,0.0002,4e-05
0.0111246,-6.37832e-11,9.48557e-13,0.312141,0.00506507,0.0002,4e-05
0.0111246,-6.64455e-11,5.63888e-13,0.311551,0.00507583,0.0002,4e-05
0.0111246,-6.77208e-11,5.11802e-14,0.310961,0.00508658,0.0002,4e-05
0.0111246,-6.79108e-11,-3.14925e-13,0.310371,0.00509734,0.0002,4e-05
0.0111246,-6.94288e-11,-3.84065e-13,0.30978,0.00510809,0.0002,4e-05
0.0111246,-6.8782e-11,-4.33634e-13,0.30919,0.00511884,0.0002,4e-05
0.0111246,-6.92646e-11,-5.07907e-14,0.3086,0.0051296,0.0002,4e-05
0.0111246,-6.84483e-11,4.10817e-13,0.30801,0.00514035,0.0002,4e-05
0.0111246,-6.70198e-11,7.15759e-13,0.30742,0.00515111,0.0002,4e-05
0.0111246,-6.57708e-11,7.5523e-13,0.30683,0.00516186,0.0002,4e-05
0.0111246,-6.37657e-11,8.10013e-13,0.30624,0.00517261,0.0002,4e-05
0.0111246,-6.20033e-11,8.54177e-13,0.30565,0.00518337,0.0002,4e-05
0.0111246,-5.95108e-11,8.86024e-13,0.30506,0.00519412,0.0002,4e-05
0.0111246,-5.66169e-11,9.4574e-13,0.30447,0.00520487,0.0002,4e-05
0.0111246,-5.40504e-11,1.08788e-12,0.30388,0.00521563,0.0002,4e-05
0.0111246,-5.09508e-11,1.21239e-12,0.303289,0.00522638,0.0002,4e-05
0.0111246,-4.82858e-11,1.2033e-12,0.302699,0.00523714,0.0002,4e-05
0.0111246,-4.53378e-11,1.13674e-12,0.302109,0.00524789,0.0002,4e-05
0.0111246,-4.16837e-11,1.05997e-12,0.301519,0.00525864,0.0002,4e-05
0.0111246,-3.86641e-11,8.59806e-13,0.300929,0.0052694,0.0002,4e-05
0.0111246,-3.54694e-11,6.56711e-13,0.300339,0.00528015,0.0002,4e-05
0.0111246,-3.23952e-11,4.48453e-13,0.299749,0.00529091,0.0002,4e-05
0.0111246,-2.95905e-11,2.33755e-13,0.299159,0.00530166,0.0002,4e-05
0.0111246,-2.60209e-11,1.7675e-14,0.298569,0.00531241,0.0002,4e-05
0.0111246,-2.28249e-11,-1.11573e-13,0.297979,0.00532317,0.0002,4e-05
0.0111246,-1.98e-11,-1.99001e-13,0.297389,0.00533392,0.0002,4e-05
0.0111246,-1.67625e-11,-2.84744e-13,0.296799,0.00534467,0.0002,4e-05
0.0111246,-1.44074e-11,-2.49517e-13,0.296208,0.00535543,0.0002,4e-05
0.0111246,-1.1597e-11,-2.01764e-13,0.295618,0.00536618,0.0002,4e-05
0.0111246,-8.45467e-12,-1.41462e-13,0.295028,0.00537694,0.0002,4e-05
0.0111246,-6.0805e-12,-1.52497e-14,0.294438,0.00538769,0.0002,4e-05
0.0111246,-3.88334e-12,1.15185e-13,0.293848,0.00539844,0.0002,4e-05
0.0111246,-2.19165e-12,2.57418e-13,0.293258,0.0054092,0.0002,4e-05
0.0111246,-1.52578e-12,4.23504e-13,0.292668,0.00541995,0.0002,4e-05
0.0111246,6.55821e-13,5.94979e-13,0.292078,0.00543071,0.0002,4e-05
0.0111246,1.94338e-12,6.52893e-13,0.291488,0.00544146,0.0002,4e-05
0.0111246,1.83185e-12,5.67781e-13,0.290898,0.00545221,0.0002,4e-05
0.0111246,3.23912e-12,4.8788e-13,0.290308,0.00546297,0.0002,4e-05
0.0111246,3.79591e-12,3.28582e-13,0.289718,0.00547372,0.0002,4e-05
0.0111246,3.54395e-12,9.54551e-14,0.289128,0.00548448,0.0002,4e-05
0.0111246,3.51009e-12,-1.33737e-13,0.288537,0.00549523,0.0002,4e-05
0.0111246,2.7508e-12,-2.68174e-13,0.287947,0.00550598,0.0002,4e-05
0.0111246,1.54379e-12,-3.33991e-13,0.287357,0.00551674,0.0002,4e-05
0.0111246,1.24643e-12,-3.97734e-13,0.286767,0.00552749,0.0002,4e-05
0.0111246,4.90873e-13,-4.06773e-13,0.286177,0.00553824,0.0002,4e-05
0.0111245,-6.05047e-13,-3.75371e-13,0.285587,0.005549,0.0002,4e-05
0.0111245,-1.73334e-12,-3.43103e-13,0.284997,0.00555975,0.0002,4e-05
0.0111245,-3.02129e-12,-3.49345e-13,0.284407,0.00557051,0.0002,4e-05
0.0111245,-4.43255e-12,-3.87023e-13,0.283817,0.00558126,0.0002,4e-05
0.0111245,-5.02552e-12,-4.24415e-13,0.283227,0.00559201,0.0002,4e-05
0.0111245,-5.71618e-12,-4.86753e-13,0.282637,0.00560277,0.0002,4e-05
0.0111245,-6.51824e-12,-5.77528e-13,0.282047,0.00561352,0.0002,4e-05
0.0111245,-7.28001e-12,-6.68572e-13,0.281457,0.00562428,0.0002,4e-05
0.0111245,-8.11803e-12,-7.0939e-13,0.280867,0.00563503,0.0002,4e-05
0.0111245,-9.103e-12,-6.58155e-13,0.280276,0.00564578,0.0002,4e-05
0.0111245,-9.37926e-12,-6.0775e-13,0.279686,0.00565654,0.0002,4e-05
0.0111245,-9.54815e-12,-5.17776e-13,0.279096,0.00566729,0.0002,4e-05
0.0111245,-1.01541e-11,-2.58538e-13,0.278506,0.00567805,0.0002,4e-05
0.0111245,-1.0673e-11,-9.86206e-16,0.277916,0.0056888,0.0002,4e-05
0.0111245,-1.11307e-11,2.55399e-13,0.277326,0.00569955,0.0002,4e-05
0.0111245,-1.21725e-11,3.68473e-13,0.276736,0.00571031,0.0002,4e-05
0.0111245,-1.29113e-11,4.77979e-13,0.276146,0.00572106,0.0002,4e-05
0.0111245,-1.31013e-11,5.85106e-13,0.275556,0.00573181,0.0002,4e-05
0.0111245,-1.37454e-11,5.56903e-13,0.274966,0.00574257,0.0002,4e-05
0.0111245,-1.45535e-11,4.8111e-13,0.274376,0.00575332,0.0002,4e-05
0.0111245,-1.54146e-11,4.02415e-13,0.273786,0.00576408,0.0002,4e-05
0.0111245,-1.64928e-11,3.92837e-13,0.273196,0.00577483,0.0002,4e-05
0.0111245,-1.78449e-11,4.7055e-13,0.272605,0.00578558,0.0002,4e-05
0.0111245,-1.85608e-11,5.49509e-13,0.272015,0.00579634,0.0002,4e-05
0.0111245,-1.91006e-11,6.3162e-13,0.271425,0.00580709,0.0002,4e-05
0.0111245,-1.96794e-11,7.3513e-13,0.270835,0.00581785,0.0002,4e-05
0.0111245,-2.04861e-11,8.38653e-13,0.270245,0.0058286,0.0002,4e-05
0.0111245,-2.16103e-11,9.42202e-13,0.269655,0.00583935,0.0002,4e-05
0.0111245,-2.29055e-11,9.28776e-13,0.269065,0.00585011,0.0002,4e-05
0.0111245,-2.4237e-11,8.70101e-13,0.268475,0.00586086,0.0002,4e-05
0.0111245,-2.3643e-11,8.12289e-13,0.267885,0.00587161,0.0002,4e-05
0.0111245,-2.33426e-11,7.47285e-13,0.267294,0.00588237,0.0002,4e-05
0.0111245,-2.36944e-11,6.66323e-13,0.266704,0.00589312,0.0002,4e-05
0.0111245,-2.33172e-11,5.88145e-13,0.266114,0.00590388,0.0002,4e-05
0.0111245,-2.23765e-11,5.1212e-13,0.265524,0.00591463,0.0002,4e-05
0.0111245,-2.13488e-11,4.04938e-13,0.264934,0.00592538,0.0002,4e-05
0.0111245,-2.0293e-11,2.9182e-13,0.264344,0.00593614,0.0002,4e-05
0.0111245,-1.91129e-11,1.92517e-13,0.263754,0.00594689,0.0002,4e-05
0.0111245,-1.78538e-11,1.20248e-13,0.263163,0.00595765,0.0002,4e-05
0.0111245,-1.64226e-11,1.06938e-13,0.262573,0.0059684,0.0002,4e-05
0.0111245,-1.43141e-11,1.1576e-13,0.261983,0.00597915,0.0002,4e-05
0.0111245,-1.15856e-11,1.4484e-13,0.261394,0.00598991,0.0002,4e-05
0.0111245,-8.45107e-12,2.65263e-13,0.260803,0.00600066,0.0002,4e-05
0.0111245,-5.16742e-12,4.19268e-13,0.260213,0.00601141,0.0002,4e-05
0.0111245,-2.18599e-12,6.04197e-13,0.259623,0.00602217,0.0002,4e-05
0.0111245,8.73821e-13,8.4022e-13,0.259033,0.00603292,0.0002,4e-05
0.0111245,4.632e-12,1.41082e-12,0.258443,0.00604368,0.0002,4e-05
0.0111245,8.657e-12,1.97025e-12,0.257853,0.00605443,0.0002,4e-05
0.0111245,1.33345e-11,2.50249e-12,0.257263,0.00606518,0.0002,4e-05
0.0111245,1.79115e-11,3.06988e-12,0.256673,0.00607594,0.0002,4e-05
0.0111245,2.23683e-11,3.67939e-12,0.256083,0.00608669,0.0002,4e-05
0.0111245,2.68779e-11,4.25751e-12,0.255493,0.00609745,0.0002,4e-05
0.0111245,3.14222e-11,4.81482e-12,0.254903,0.0061082,0.0002,4e-05
0.0111245,3.53342e-11,4.71593e-12,0.254312,0.00611895,0.0002,4e-05
0.0111245,3.90345e-11,4.39742e-12,0.253722,0.00612971,0.0002,4e-05
0.0111245,4.33143e-11,4.07297e-12,0.253132,0.00614046,0.0002,4e-05
0.0111245,4.76825e-11,3.74762e-12,0.252542,0.00615122,0.0002,4e-05
0.0111245,5.07169e-11,2.8902e-12,0.251952,0.00616197,0.0002,4e-05
0.0111245,5.37479e-11,2.02646e-12,0.251362,0.00617272,0.0002,4e-05
0.0111245,5.69391e-11,1.17064e-12,0.250772,0.00618348,0.0002,4e-05
0.0111245,5.98252e-11,3.72623e-13,0.250182,0.00619423,0.0002,4e-05
0.0111245,6.12976e-11,-1.57572e-13,0.249592,0.00620498,0.0002,4e-05
0.0111245,6.29574e-11,-6.80175e-13,0.249002,0.00621574,0.0002,4e-05
0.0111245,6.51801e-11,-1.17997e-12,0.248412,0.00622649,0.0002,4e-05
0.0111245,6.69007e-11,-1.56032e-12,0.247822,0.00623725,0.0002,4e-05
0.0111245,6.75709e-11,-1.69081e-12,0.247232,0.006248,0.0002,4e-05
0.0111245,6.81457e-11,-1.80573e-12,0.246642,0.00625875,0.0002,4e-05
0.0111245,6.85546e-11,-1.89358e-12,0.246052,0.00626951,0.0002,4e-05
0.0111245,6.84965e-11,-1.80179e-12,0.245462,0.00628026,0.0002,4e-05
0.0111245,6.77613e-11,-1.44952e-12,0.244871,0.00629102,0.0002,4e-05
0.0111245,6.72219e-11,-1.12573e-12,0.244281,0.00630177,0.0002,4e-05
0.0111245,6.69382e-11,-8.39128e-13,0.243691,0.00631252,0.0002,4e-05
0.0111245,6.63013e-11,-4.68006e-13,0.243101,0.00632328,0.0002,4e-05
0.0111245,6.52513e-11,1.95451e-15,0.242511,0.00633403,0.0002,4e-05
0.0111245,6.37136e-11,4.39579e-13,0.241921,0.00634478,0.0002,4e-05
0.0111245,6.15769e-11,8.37449e-13,0.241331,0.00635554,0.0002,4e-05
0.0111245,5.88151e-11,1.04023e-12,0.240741,0.00636629,0.0002,4e-05
0.0111245,5.52519e-11,9.9278e-13,0.240151,0.00637705,0.0002,4e-05
0.0111245,5.21873e-11,9.55229e-13,0.23956,0.0063878,0.0002,4e-05
0.0111245,4.98221e-11,9.31565e-13,0.23897,0.00639855,0.0002,4e-05
0.0111245,4.68271e-11,8.26184e-13,0.23838,0.00640931,0.0002,4e-05
0.0111245,4.28718e-11,5.96213e-13,0.23779,0.00642006,0.0002,4e-05
0.0111245,3.8786e-11,3.72882e-13,0.2372,0.00643082,0.0002,4e-05
0.0111245,3.44343e-11,1.63105e-13,0.23661,0.00644157,0.0002,4e-05
0.0111245,3.01029e-11,-1.34939e-14,0.23602,0.00645232,0.0002,4e-05
0.0111245,2.5828e-11,-9.75164e-14,0.23543,0.00646308,0.0002,4e-05
0.0111245,2.12343e-11,-1.79709e-13,0.23484,0.00647383,0.0002,4e-05
0.0111245,1.52807e-11,-2.5412e-13,0.23425,0.00648459,0.0002,4e-05
0.0111245,9.55882e-12,-3.12901e-13,0.23366,0.00649534,0.0002,4e-05
0.0111245,5.56906e-12,-2.54788e-13,0.23307,0.00650609,0.0002,4e-05
0.0111245,1.57948e-12,-1.96679e-13,0.23248,0.00651685,0.0002,4e-05
0.0111245,-5.83773e-12,-1.36713e-13,0.23189,0.0065276,0.0002,4e-05
0.0111245,-1.32578e-11,-7.67449e-14,0.2313,0.00653835,0.0002,4e-05
0.0111245,-1.56573e-11,-1.32471e-13,0.230709,0.00654911,0.0002,4e-05
0.0111245,-1.73856e-11,-2.03658e-13,0.230119,0.00655986,0.0002,4e-05
0.0111245,-2.62843e-11,-2.94534e-13,0.229529,0.00657062,0.0002,4e-05
0.0111245,-3.75421e-11,-3.91888e-13,0.228939,0.00658137,0.0002,4e-05
0.0111245,-4.0091e-11,-5.19605e-13,0.228349,0.00659212,0.0002,4e-05
0.0111245,-3.7404e-11,-6.65577e-13,0.227759,0.00660288,0.0002,4e-05
0.0111245,-4.32875e-11,-8.1527e-13,0.227169,0.00661363,0.0002,4e-05
0.0111245,-5.93878e-11,-9.69414e-13,0.226579,0.00662439,0.0002,4e-05
0.0111245,-6.71893e-11,-1.11373e-12,0.225989,0.00663514,0.0002,4e-05
0.0111245,-5.46376e-11,-1.23393e-12,0.225399,0.00664589,0.0002,4e-05
0.0111245,-4.56223e-11,-1.3542e-12,0.224808,0.00665665,0.0002,4e-05
0.0111245,-6.73291e-11,-1.47513e-12,0.224218,0.0066674,0.0002,4e-05
0.0111245,-8.9036e-11,-1.59607e-12,0.223628,0.00667816,0.0002,4e-05
0.0111245,-6.45052e-11,-1.72193e-12,0.223038,0.00668891,0.0002,4e-05
0.0111245,-3.58803e-11,-1.84821e-12,0.222448,0.00669966,0.0002,4e-05
0.0111245,-4.95678e-11,-1.99806e-12,0.221858,0.00671042,0.0002,4e-05
0.0111245,-8.13895e-11,-2.15799e-12,0.221268,0.00672117,0.0002,4e-05
0.0111245,-7.906e-11,-2.23694e-12,0.220678,0.00673192,0.0002,4e-05
0.0111245,-4.02187e-11,-2.22928e-12,0.220088,0.00674268,0.0002,4e-05
0.0111245,-1.9506e-11,-2.21819e-12,0.219498,0.00675343,0.0002,4e-05
0.0111245,-5.64524e-11,-2.19616e-12,0.218908,0.00676419,0.0002,4e-05
0.0111245,-9.33987e-11,-2.17413e-12,0.218318,0.00677494,0.0002,4e-05
0.0111245,-9.06542e-11,-2.11204e-12,0.217728,0.00678569,0.0002,4e-05
0.0111245,-8.77944e-11,-2.04984e-12,0.217138,0.00679645,0.0002,4e-05
0.0111245,-8.37758e-11,-1.95378e-12,0.216547,0.0068072,0.0002,4e-05
0.0111245,-7.93233e-11,-1.84505e-12,0.215957,0.00681796,0.0002,4e-05
0.0111245,-9.24915e-11,-1.77245e-12,0.215367,0.00682871,0.0002,4e-05
0.0111245,-1.26344e-10,-1.74228e-12,0.214777,0.00683946,0.0002,4e-05
0.0111245,-1.56871e-10,-1.71364e-12,0.214187,0.00685022,0.0002,4e-05
0.0111245,-1.12052e-10,-1.71959e-12,0.213597,0.00686097,0.0002,4e-05
0.0111245,-6.72331e-11,-1.72554e-12,0.213007,0.00687172,0.0002,4e-05
0.0111245,-6.65467e-11,-1.67388e-12,0.212417,0.00688248,0.0002,4e-05
0.0111245,-9.21305e-11,-1.5879e-12,0.211827,0.00689323,0.0002,4e-05
0.0111245,-1.12869e-10,-1.5036e-12,0.211236,0.00690399,0.0002,4e-05
0.0111245,-7.54601e-11,-1.43926e-12,0.210646,0.00691474,0.0002,4e-05
0.0111245,-3.80533e-11,-1.37492e-12,0.210056,0.00692549,0.0002,4e-05
0.0111245,-2.60719e-11,-1.22219e-12,0.209466,0.00693625,0.0002,4e-05
0.0111245,-3.66894e-11,-9.90893e-13,0.208876,0.006947,0.0002,4e-05
0.0111245,-4.73069e-11,-7.59596e-13,0.208286,0.00695776,0.0002,4e-05
0.0111245,-3.18785e-11,-4.95073e-13,0.207696,0.00696851,0.0002,4e-05
0.0111245,-1.1006e-11,-2.23616e-13,0.207106,0.00697926,0.0002,4e-05
0.0111245,6.50892e-12,3.53206e-14,0.206516,0.00699002,0.0002,4e-05
0.0111245,1.03735e-12,2.08481e-13,0.205926,0.00700077,0.0002,4e-05
0.0111245,-4.43421e-12,3.81641e-13,0.205336,0.00701153,0.0002,4e-05
0.0111245,-4.1711e-12,5.53704e-13,0.204746,0.00702228,0.0002,4e-05
0.0111245,9.16985e-12,7.23289e-13,0.204156,0.00703303,0.0002,4e-05
0.0111245,2.25108e-11,8.92874e-13,0.203566,0.00704379,0.0002,4e-05
0.0111245,2.85489e-11,9.40138e-13,0.202975,0.00705454,0.0002,4e-05
0.0111245,2.68398e-11,8.57639e-13,0.202385,0.00706529,0.0002,4e-05
0.0111245,2.51306e-11,7.75136e-13,0.201795,0.00707605,0.0002,4e-05
0.0111245,2.77636e-11,6.93681e-13,0.201205,0.0070868,0.0002,4e-05
0.0111245,3.45935e-11,6.13238e-13,0.200615,0.00709756,0.0002,4e-05
0.0111245,4.14231e-11,5.32799e-13,0.200025,0.00710831,0.0002,4e-05
0.0111245,4.34047e-11,3.52419e-13,0.199435,0.00711906,0.0002,4e-05
0.0111245,4.1175e-11,8.52343e-14,0.198845,0.00712982,0.0002,4e-05
0.0111245,3.89453e-11,-1.81951e-13,0.198255,0.00714057,0.0002,4e-05
0.0111245,3.93504e-11,-3.89281e-13,0.197665,0.00715133,0.0002,4e-05
0.0111245,4.29759e-11,-5.23445e-13,0.197075,0.00716208,0.0002,4e-05
0.0111245,4.66015e-11,-6.57615e-13,0.196485,0.00717283,0.0002,4e-05
0.0111245,4.76424e-11,-8.22454e-13,0.195895,0.00718359,0.0002,4e-05
0.0111245,4.42524e-11,-1.03987e-12,0.195304,0.00719434,0.0002,4e-05
0.0111245,4.08624e-11,-1.25728e-12,0.194714,0.00720509,0.0002,4e-05
0.0111245,3.81668e-11,-1.44504e-12,0.194124,0.00721585,0.0002,4e-05
0.0111245,3.9842e-11,-1.44611e-12,0.193534,0.0072266,0.0002,4e-05
0.0111245,4.15172e-11,-1.44717e-12,0.192944,0.00723736,0.0002,4e-05
0.0111245,4.31924e-11,-1.44824e-12,0.192354,0.00724811,0.0002,4e-05
0.0111245,4.08389e-11,-1.46569e-12,0.191764,0.00725886,0.0002,4e-05
0.0111245,3.80858e-11,-1.48476e-12,0.191174,0.00726962,0.0002,4e-05
0.0111245,3.53327e-11,-1.50384e-12,0.190584,0.00728037,0.0002,4e-05
0.0111245,3.37151e-11,-1.46578e-12,0.189994,0.00729113,0.0002,4e-05
0.0111245,3.29285e-11,-1.38589e-12,0.189404,0.00730188,0.0002,4e-05
0.0111245,3.21419e-11,-1.306e-12,0.188814,0.00731263,0.0002,4e-05
0.0111245,3.08162e-11,-1.19043e-12,0.188224,0.00732339,0.0002,4e-05
0.0111245,2.78654e-11,-9.67346e-13,0.187634,0.00733414,0.0002,4e-05
0.0111245,2.49147e-11,-7.44274e-13,0.187044,0.0073449,0.0002,4e-05
0.0111245,2.1964e-11,-5.21193e-13,0.186454,0.00735565,0.0002,4e-05
0.0111245,2.10338e-11,-4.17816e-13,0.185863,0.0073664,0.0002,4e-05
0.0111245,2.06402e-11,-3.46233e-13,0.185273,0.00737716,0.0002,4e-05
0.0111245,2.02467e-11,-2.74652e-13,0.184683,0.00738791,0.0002,4e-05
0.0111245,1.93014e-11,-1.55817e-13,0.184093,0.00739866,0.0002,4e-05
0.0111245,1.72642e-11,5.65158e-14,0.183503,0.00740942,0.0002,4e-05
0.0111245,1.5227e-11,2.68848e-13,0.182913,0.00742017,0.0002,4e-05
0.0111245,1.31899e-11,4.81172e-13,0.182323,0.00743093,0.0002,4e-05
0.0111245,1.23786e-11,4.7748e-13,0.181733,0.00744168,0.0002,4e-05
0.0111245,1.19097e-11,4.13467e-13,0.181143,0.00745243,0.0002,4e-05
0.0111245,1.14407e-11,3.49454e-13,0.180552,0.00746319,0.0002,4e-05
0.0111245,1.06647e-11,3.12853e-13,0.179962,0.00747394,0.0002,4e-05
0.0111245,8.87562e-12,3.66679e-13,0.179372,0.0074847,0.0002,4e-05
0.0111245,7.0865e-12,4.20508e-13,0.178782,0.00749545,0.0002,4e-05
0.0111245,5.29738e-12,4.74336e-13,0.178192,0.0075062,0.0002,4e-05
0.0111245,4.42504e-12,4.54202e-13,0.177602,0.00751696,0.0002,4e-05
0.0111245,4.23126e-12,3.79327e-13,0.177012,0.00752771,0.0002,4e-05
0.0111245,4.03748e-12,3.04448e-13,0.176422,0.00753846,0.0002,4e-05
0.0111245,3.8437e-12,2.2957e-13,0.175832,0.00754922,0.0002,4e-05
0.0111245,1.53075e-12,2.38553e-13,0.175242,0.00755997,0.0002,4e-05
0.0111245,-9.61775e-13,2.54644e-13,0.174652,0.00757073,0.0002,4e-05
0.0111245,-3.4544e-12,2.70737e-13,0.174062,0.00758148,0.0002,4e-05
0.0111245,-5.63029e-12,2.95067e-13,0.173472,0.00759223,0.0002,4e-05
0.0111245,-6.34016e-12,3.57523e-13,0.172882,0.00760299,0.0002,4e-05
0.0111245,-7.05e-12,4.19977e-13,0.172292,0.00761374,0.0002,4e-05
0.0111245,-7.75987e-12,4.82434e-13,0.171702,0.0076245,0.0002,4e-05
0.0111245,-9.45984e-12,4.82342e-13,0.171112,0.00763525,0.0002,4e-05
0.0111245,-1.24256e-11,4.02288e-13,0.170521,0.007646,0.0002,4e-05
0.0111245,-1.53913e-11,3.22234e-13,0.169931,0.00765676,0.0002,4e-05
0.0111245,-1.83569e-11,2.42183e-13,0.169341,0.00766751,0.0002,4e-05
0.0111245,-2.02127e-11,2.00894e-13,0.168751,0.00767827,0.0002,4e-05
0.0111245,-2.13769e-11,1.83761e-13,0.168161,0.00768902,0.0002,4e-05
0.0111245,-2.25411e-11,1.66628e-13,0.167571,0.00769977,0.0002,4e-05
0.0111245,-2.37052e-11,1.49496e-13,0.166981,0.00771053,0.0002,4e-05
0.0111245,-2.52187e-11,6.77142e-14,0.166391,0.00772128,0.0002,4e-05
0.0111245,-2.682e-11,-3.034e-14,0.1658,0.00773203,0.0002,4e-05
0.0111244,-2.84214e-11,-1.28394e-13,0.16521,0.00774279,0.0002,4e-05
0.0111244,-3.00227e-11,-2.26444e-13,0.16462,0.00775354,0.0002,4e-05
0.0111244,-3.08555e-11,-3.44476e-13,0.16403,0.0077643,0.0002,4e-05
0.0111244,-3.16036e-11,-4.64706e-13,0.16344,0.00777505,0.0002,4e-05
0.0111244,-3.23518e-11,-5.84937e-13,0.16285,0.0077858,0.0002,4e-05
0.0111244,-3.31019e-11,-7.04476e-13,0.16226,0.00779656,0.0002,4e-05
0.0111244,-3.40685e-11,-7.45025e-13,0.16167,0.00780731,0.0002,4e-05
0.0111244,-3.50351e-11,-7.85574e-13,0.16108,0.00781807,0.0002,4e-05
0.0111244,-3.60018e-11,-8.26123e-13,0.16049,0.00782882,0.0002,4e-05
0.0111244,-3.69085e-11,-8.68729e-13,0.1599,0.00783957,0.0002,4e-05
0.0111244,-3.68668e-11,-9.43933e-13,0.15931,0.00785033,0.0002,4e-05
0.0111244,-3.6825e-11,-1.01914e-12,0.158719,0.00786108,0.0002,4e-05
0.0111244,-3.67832e-11,-1.09433e-12,0.158129,0.00787183,0.0002,4e-05
0.0111244,-3.67573e-11,-1.1558e-12,0.157539,0.00788259,0.0002,4e-05
0.0111244,-3.68518e-11,-1.11263e-12,0.156949,0.00789334,0.0002,4e-05
0.0111244,-3.69463e-11,-1.06946e-12,0.156359,0.0079041,0.0002,4e-05
0.0111244,-3.70408e-11,-1.02629e-12,0.155769,0.00791485,0.0002,4e-05
0.0111244,-3.71204e-11,-9.80812e-13,0.155179,0.0079256,0.0002,4e-05
0.0111244,-3.70715e-11,-9.15418e-13,0.154589,0.00793636,0.0002,4e-05
0.0111244,-3.70226e-11,-8.50024e-13,0.153999,0.00794711,0.0002,4e-05
0.0111244,-3.69737e-11,-7.84636e-13,0.153409,0.00795787,0.0002,4e-05
0.0111244,-3.68405e-11,-7.08663e-13,0.152819,0.00796862,0.0002,4e-05
0.0111244,-3.59319e-11,-5.3546e-13,0.152229,0.00797937,0.0002,4e-05
0.0111244,-3.50233e-11,-3.62256e-13,0.151639,0.00799013,0.0002,4e-05
0.0111244,-3.41147e-11,-1.89053e-13,0.151049,0.00800088,0.0002,4e-05
0.0111244,-3.31156e-11,-1.11042e-14,0.150459,0.00801164,0.0002,4e-05
0.0111244,-3.07846e-11,2.36682e-13,0.149869,0.00802239,0.0002,4e-05
0.0111244,-2.84537e-11,4.84468e-13,0.149279,0.00803314,0.0002,4e-05
0.0111244,-2.61227e-11,7.32255e-13,0.148689,0.0080439,0.0002,4e-05
0.0111244,-2.37459e-11,9.78498e-13,0.148099,0.00805465,0.0002,4e-05
0.0111244,-2.01116e-11,1.18322e-12,0.147509,0.0080654,0.0002,4e-05
0.0111244,-1.64773e-11,1.38794e-12,0.146918,0.00807616,0.0002,4e-05
0.0111244,-1.28429e-11,1.59266e-12,0.146328,0.00808691,0.0002,4e-05
0.0111244,-9.20864e-12,1.79739e-12,0.145738,0.00809767,0.0002,4e-05
0.0111244,-5.4671e-12,2.08904e-12,0.145148,0.00810842,0.0002,4e-05
0.0111244,-1.72006e-12,2.38517e-12,0.144558,0.00811917,0.0002,4e-05
0.0111244,2.02698e-12,2.68129e-12,0.143968,0.00812993,0.0002,4e-05
0.0111244,5.7737e-12,2.97738e-12,0.143378,0.00814068,0.0002,4e-05
0.0111244,9.40585e-12,3.08194e-12,0.142788,0.00815144,0.0002,4e-05
0.0111244,1.30213e-11,3.15872e-12,0.142198,0.00816219,0.0002,4e-05
0.0111244,1.66368e-11,3.23551e-12,0.141608,0.00817294,0.0002,4e-05
0.0111244,2.02523e-11,3.31229e-12,0.141018,0.0081837,0.0002,4e-05
0.0111244,2.42318e-11,3.41695e-12,0.140428,0.00819445,0.0002,4e-05
0.0111244,2.83059e-11,3.52886e-12,0.139838,0.00820521,0.0002,4e-05
0.0111244,3.23801e-11,3.64078e-12,0.139247,0.00821596,0.0002,4e-05
0.0111244,3.64543e-11,3.7527e-12,0.138657,0.00822671,0.0002,4e-05
0.0111244,3.86202e-11,3.68485e-12,0.138067,0.00823747,0.0002,4e-05
0.0111244,4.00436e-11,3.54702e-12,0.137477,0.00824822,0.0002,4e-05
0.0111244,4.14669e-11,3.40919e-12,0.136887,0.00825897,0.0002,4e-05
0.0111244,4.28902e-11,3.27136e-12,0.136297,0.00826973,0.0002,4e-05
0.0111244,4.48376e-11,3.10908e-12,0.135707,0.00828048,0.0002,4e-05
0.0111244,4.71225e-11,2.93107e-12,0.135117,0.00829124,0.0002,4e-05
0.0111244,4.94074e-11,2.75306e-12,0.134527,0.00830199,0.0002,4e-05
0.0111244,5.16922e-11,2.57505e-12,0.133937,0.00831274,0.0002,4e-05
0.0111244,5.28095e-11,2.37785e-12,0.133347,0.0083235,0.0002,4e-05
0.0111244,5.27749e-11,2.16168e-12,0.132757,0.00833425,0.0002,4e-05
0.0111244,5.27404e-11,1.94552e-12,0.132167,0.00834501,0.0002,4e-05
0.0111244,5.27059e-11,1.72935e-12,0.131576,0.00835576,0.0002,4e-05
0.0111244,5.20625e-11,1.4849e-12,0.130986,0.00836651,0.0002,4e-05
0.0111244,5.05581e-11,1.20043e-12,0.130396,0.00837727,0.0002,4e-05
0.0111244,4.90537e-11,9.15964e-13,0.129806,0.00838802,0.0002,4e-05
0.0111244,4.75492e-11,6.31496e-13,0.129216,0.00839878,0.0002,4e-05
0.0111244,4.56899e-11,3.97991e-13,0.128626,0.00840953,0.0002,4e-05
0.0111244,4.31153e-11,2.6726e-13,0.128036,0.00842028,0.0002,4e-05
0.0111244,4.05404e-11,1.36518e-13,0.127446,0.00843104,0.0002,4e-05
0.0111244,3.79656e-11,5.77583e-15,0.126856,0.00844179,0.0002,4e-05
0.0111244,3.52778e-11,-1.32634e-13,0.126266,0.00845254,0.0002,4e-05
0.0111244,3.22301e-11,-2.9549e-13,0.125676,0.0084633,0.0002,4e-05
0.0111244,2.91825e-11,-4.58347e-13,0.125086,0.00847405,0.0002,4e-05
0.0111244,2.61348e-11,-6.21204e-13,0.124496,0.00848481,0.0002,4e-05
0.0111243,2.31917e-11,-7.56919e-13,0.123905,0.00849556,0.0002,4e-05
0.0111243,2.08296e-11,-7.4191e-13,0.123315,0.00850631,0.0002,4e-05
0.0111243,1.84677e-11,-7.26902e-13,0.122725,0.00851707,0.0002,4e-05
0.0111243,1.61055e-11,-7.11893e-13,0.122135,0.00852782,0.0002,4e-05
0.0111243,1.36435e-11,-6.96494e-13,0.121545,0.00853857,0.0002,4e-05
0.0111243,1.02124e-11,-6.77316e-13,0.120955,0.00854933,0.0002,4e-05
0.0111243,6.78131e-12,-6.58137e-13,0.120365,0.00856008,0.0002,4e-05
0.0111243,3.3502e-12,-6.38959e-13,0.119775,0.00857084,0.0002,4e-05
0.0111243,3.19268e-14,-6.18205e-13,0.119185,0.00858159,0.0002,4e-05
0.0111243,-6.33022e-13,-5.60383e-13,0.118595,0.00859234,0.0002,4e-05
0.0111243,-1.29791e-12,-5.02566e-13,0.118005,0.0086031,0.0002,4e-05
0.0111243,-1.96286e-12,-4.44745e-13,0.117415,0.00861385,0.0002,4e-05
0.0111243,-2.63173e-12,-3.86907e-13,0.116825,0.00862461,0.0002,4e-05
0.0111243,-4.17913e-12,-3.25556e-13,0.116235,0.00863536,0.0002,4e-05
0.0111243,-5.72654e-12,-2.64204e-13,0.115645,0.00864611,0.0002,4e-05
0.0111243,-7.27395e-12,-2.02852e-13,0.115054,0.00865687,0.0002,4e-05
0.0111243,-8.82135e-12,-1.415e-13,0.114464,0.00866762,0.0002,4e-05
0.0111243,-8.14325e-12,-2.70668e-13,0.113874,0.00867838,0.0002,4e-05
0.0111243,-7.40701e-12,-4.04814e-13,0.113284,0.00868913,0.0002,4e-05
0.0111243,-6.67083e-12,-5.38947e-13,0.112694,0.00869988,0.0002,4e-05
0.0111243,-5.93458e-12,-6.73093e-13,0.112104,0.00871064,0.0002,4e-05
0.0111243,-6.23239e-12,-7.98978e-13,0.111514,0.00872139,0.0002,4e-05
0.0111243,-6.55038e-12,-9.24702e-13,0.110924,0.00873214,0.0002,4e-05
0.0111243,-6.86837e-12,-1.05043e-12,0.110334,0.0087429,0.0002,4e-05
0.0111243,-7.18636e-12,-1.17615e-12,0.109744,0.00875365,0.0002,4e-05
0.0111243,-6.65618e-12,-1.29807e-12,0.109154,0.00876441,0.0002,4e-05
0.0111243,-6.12045e-12,-1.41997e-12,0.108564,0.00877516,0.0002,4e-05
0.0111243,-5.58476e-12,-1.54186e-12,0.107974,0.00878591,0.0002,4e-05
0.0111243,-5.09294e-12,-1.66323e-12,0.107384,0.00879667,0.0002,4e-05
0.0111243,-5.49905e-12,-1.7739e-12,0.106794,0.00880742,0.0002,4e-05
0.0111243,-5.90517e-12,-1.88457e-12,0.106204,0.00881818,0.0002,4e-05
0.0111243,-6.31128e-12,-1.99524e-12,0.105614,0.00882893,0.0002,4e-05
0.0111243,-6.62003e-12,-2.07757e-12,0.105023,0.00883968,0.0002,4e-05
0.0111243,-6.10681e-12,-1.92063e-12,0.104433,0.00885044,0.0002,4e-05
0.0111243,-5.5936e-12,-1.76369e-12,0.103843,0.00886119,0.0002,4e-05
0.0111243,-5.08039e-12,-1.60675e-12,0.103253,0.00887195,0.0002,4e-05
0.0111243,-4.88815e-12,-1.44512e-12,0.102663,0.0088827,0.0002,4e-05
0.0111243,-5.91668e-12,-1.26558e-12,0.102073,0.00889345,0.0002,4e-05
0.0111243,-6.94522e-12,-1.08604e-12,0.101483,0.00890421,0.0002,4e-05
0.0111243,-7.97376e-12,-9.06501e-13,0.100893,0.00891496,0.0002,4e-05
0.0111243,-7.99388e-12,-7.28184e-13,0.100303,0.00892571,0.0002,4e-05
0.0111243,-5.83574e-12,-5.52508e-13,0.0997129,0.00893647,0.0002,4e-05
0.0111243,-3.67759e-12,-3.76832e-13,0.0991229,0.00894722,0.0002,4e-05
0.0111243,-1.51945e-12,-2.01156e-13,0.0985328,0.00895798,0.0002,4e-05
0.0111243,5.1253e-15,-2.33079e-14,0.0979428,0.00896873,0.0002,4e-05
0.0111243,8.61813e-13,1.56862e-13,0.0973528,0.00897948,0.0002,4e-05
0.0111243,1.7185e-12,3.37032e-13,0.0967627,0.00899024,0.0002,4e-05
0.0111243,2.57519e-12,5.17202e-13,0.0961727,0.00900099,0.0002,4e-05
0.0111243,5.5457e-12,5.73998e-13,0.0955826,0.00901175,0.0002,4e-05
0.0111243,9.59176e-12,5.68017e-13,0.0949926,0.0090225,0.0002,4e-05
0.0111243,1.36378e-11,5.62037e-13,0.0944025,0.00903325,0.0002,4e-05
0.0111243,1.76839e-11,5.56057e-13,0.0938124,0.00904401,0.0002,4e-05
0.0111243,1.94684e-11,5.32782e-13,0.0932224,0.00905476,0.0002,4e-05
0.0111243,2.09608e-11,5.07276e-13,0.0926324,0.00906551,0.0002,4e-05
0.0111243,2.24534e-11,4.81769e-13,0.0920423,0.00907627,0.0002,4e-05
0.0111243,2.38887e-11,4.56986e-13,0.0914522,0.00908702,0.0002,4e-05
0.0111243,2.48796e-11,4.37829e-13,0.0908622,0.00909778,0.0002,4e-05
0.0111243,2.58705e-11,4.18673e-13,0.0902721,0.00910853,0.0002,4e-05
0.0111243,2.68614e-11,3.99516e-13,0.089682,0.00911928,0.0002,4e-05
0.0111243,2.7467e-11,3.76182e-13,0.0890919,0.00913004,0.0002,4e-05
0.0111243,2.75474e-11,3.47154e-13,0.0885019,0.00914079,0.0002,4e-05
0.0111243,2.76278e-11,3.18128e-13,0.0879119,0.00915155,0.0002,4e-05
0.0111243,2.77083e-11,2.89101e-13,0.0873218,0.0091623,0.0002,4e-05
0.0111242,2.63804e-11,3.02713e-13,0.0867317,0.00917305,0.0002,4e-05
0.0111242,2.45514e-11,3.31495e-13,0.0861417,0.00918381,0.0002,4e-05
0.0111242,2.27225e-11,3.60278e-13,0.0855516,0.00919456,0.0002,4e-05
0.0111243,2.05966e-11,3.88618e-13,0.0849616,0.00920532,0.0002,4e-05
0.0111243,1.57868e-11,4.1296e-13,0.0843715,0.00921607,0.0002,4e-05
0.0111243,1.09769e-11,4.37303e-13,0.0837815,0.00922682,0.0002,4e-05
0.0111243,6.16712e-12,4.61645e-13,0.0831914,0.00923758,0.0002,4e-05
0.0111243,2.05203e-12,4.79245e-13,0.0826014,0.00924833,0.0002,4e-05
0.0111243,-1.27036e-12,4.89148e-13,0.0820113,0.00925908,0.0002,4e-05
0.0111243,-4.59275e-12,4.9905e-13,0.0814212,0.00926984,0.0002,4e-05
0.0111243,-7.91514e-12,5.08953e-13,0.0808311,0.00928059,0.0002,4e-05
0.0111242,-1.17168e-11,5.16159e-13,0.080241,0.00929135,0.0002,4e-05
0.0111242,-1.55554e-11,5.23156e-13,0.079651,0.0093021,0.0002,4e-05
0.0111242,-1.93939e-11,5.30154e-13,0.0790609,0.00931285,0.0002,4e-05
0.0111242,-2.19034e-11,5.19507e-13,0.0784708,0.00932361,0.0002,4e-05
0.0111242,-2.23769e-11,4.81835e-13,0.0778808,0.00933436,0.0002,4e-05
0.0111242,-2.28504e-11,4.44161e-13,0.0772908,0.00934512,0.0002,4e-05
0.0111242,-2.3324e-11,4.06486e-13,0.0767007,0.00935587,0.0002,4e-05
0.0111243,-2.41376e-11,3.65795e-13,0.0761107,0.00936662,0.0002,4e-05
0.0111243,-2.49847e-11,3.24808e-13,0.0755206,0.00937738,0.0002,4e-05
0.0111243,-2.58318e-11,2.8382e-13,0.0749306,0.00938813,0.0002,4e-05
0.0111243,-2.55201e-11,2.76952e-13,0.0743405,0.00939889,0.0002,4e-05
0.0111243,-2.36777e-11,3.15157e-13,0.0737504,0.00940964,0.0002,4e-05
0.0111243,-2.18353e-11,3.53361e-13,0.0731604,0.00942039,0.0002,4e-05
0.0111242,-2.01383e-11,3.91537e-13,0.0725703,0.00943115,0.0002,4e-05
0.0111242,-2.13038e-11,4.29228e-13,0.0719803,0.0094419,0.0002,4e-05
0.0111242,-2.24693e-11,4.66919e-13,0.0713902,0.00945265,0.0002,4e-05
0.0111242,-2.36348e-11,5.04611e-13,0.0708001,0.00946341,0.0002,4e-05
0.0111242,-2.36672e-11,5.75256e-13,0.0702101,0.00947416,0.0002,4e-05
0.0111242,-2.31423e-11,6.62104e-13,0.06962,0.00948492,0.0002,4e-05
0.0111242,-2.26175e-11,7.48952e-13,0.06903,0.00949567,0.0002,4e-05
0.0111243,-2.28082e-11,8.35697e-13,0.0684399,0.00950642,0.0002,4e-05
0.0111243,-2.43104e-11,9.22246e-13,0.0678499,0.00951718,0.0002,4e-05
0.0111243,-2.58126e-11,1.0088e-12,0.0672598,0.00952793,0.0002,4e-05
0.0111243,-2.72645e-11,1.08872e-12,0.0666698,0.00953868,0.0002,4e-05
0.0111243,-2.75023e-11,1.00849e-12,0.0660797,0.00954944,0.0002,4e-05
0.0111243,-2.774e-11,9.28267e-13,0.0654897,0.00956019,0.0002,4e-05
0.0111243,-2.79777e-11,8.48043e-13,0.0648996,0.00957095,0.0002,4e-05
0.0111242,-2.98545e-11,7.67284e-13,0.0643095,0.0095817,0.0002,4e-05
0.0111242,-3.20964e-11,6.86406e-13,0.0637195,0.00959245,0.0002,4e-05
0.0111242,-3.43383e-11,6.05529e-13,0.0631294,0.00960321,0.0002,4e-05
0.0111242,-3.48536e-11,4.90628e-13,0.0625394,0.00961396,0.0002,4e-05
0.0111242,-3.42172e-11,3.53016e-13,0.0619493,0.00962472,0.0002,4e-05
0.0111242,-3.35809e-11,2.15403e-13,0.0613593,0.00963547,0.0002,4e-05
0.0111243,-3.40797e-11,7.73348e-14,0.0607692,0.00964622,0.0002,4e-05
0.0111243,-3.59578e-11,-6.12874e-14,0.0601792,0.00965698,0.0002,4e-05
0.0111243,-3.78359e-11,-1.9991e-13,0.0595891,0.00966773,0.0002,4e-05
0.0111242,-3.84749e-11,-3.01089e-13,0.058999,0.00967849,0.0002,4e-05
0.0111242,-3.63183e-11,-3.17785e-13,0.058409,0.00968924,0.0002,4e-05
0.0111242,-3.41619e-11,-3.34479e-13,0.057819,0.00969999,0.0002,4e-05
0.0111242,-3.23559e-11,-3.51344e-13,0.0572289,0.00971075,0.0002,4e-05
0.0111242,-3.16282e-11,-3.68731e-13,0.0566388,0.0097215,0.0002,4e-05
0.0111242,-3.09004e-11,-3.86118e-13,0.0560488,0.00973225,0.0002,4e-05
0.0111242,-2.92537e-11,-4.00396e-13,0.0554587,0.00974301,0.0002,4e-05
0.0111242,-2.3627e-11,-4.01208e-13,0.0548686,0.00975376,0.0002,4e-05
0.0111242,-1.80003e-11,-4.0202e-13,0.0542786,0.00976452,0.0002,4e-05
0.0111242,-1.27902e-11,-4.02778e-13,0.0536885,0.00977527,0.0002,4e-05
0.0111242,-9.18209e-12,-4.03331e-13,0.0530984,0.00978602,0.0002,4e-05
0.0111242,-5.57425e-12,-4.03884e-13,0.0525084,0.00979678,0.0002,4e-05
0.0111242,-1.01228e-12,-4.14565e-13,0.0519184,0.00980753,0.0002,4e-05
0.0111242,6.76614e-12,-4.59398e-13,0.0513283,0.00981829,0.0002,4e-05
0.0111242,1.45446e-11,-5.04232e-13,0.0507383,0.00982904,0.0002,4e-05
0.0111242,2.20529e-11,-5.48712e-13,0.0501482,0.00983979,0.0002,4e-05
0.0111242,2.89975e-11,-5.92453e-13,0.0495581,0.00985055,0.0002,4e-05
0.0111242,3.59422e-11,-6.36194e-13,0.0489681,0.0098613,0.0002,4e-05
0.0111242,4.38912e-11,-6.25448e-13,0.048378,0.00987206,0.0002,4e-05
0.0111242,5.32125e-11,-5.40218e-13,0.047788,0.00988281,0.0002,4e-05
0.0111242,6.25346e-11,-4.54981e-13,0.047198,0.00989356,0.0002,4e-05
0.0111242,7.04776e-11,-3.68916e-13,0.0466079,0.00990432,0.0002,4e-05
0.0111242,7.75127e-11,-2.82307e-13,0.0460178,0.00991507,0.0002,4e-05
0.0111242,8.45479e-11,-1.95698e-13,0.0454278,0.00992582,0.0002,4e-05
0.0111242,9.17513e-11,-2.9504e-13,0.0448377,0.00993658,0.0002,4e-05
0.0111242,9.90004e-11,-4.44722e-13,0.0442476,0.00994733,0.0002,4e-05
0.0111242,1.06215e-10,-5.94409e-13,0.0436576,0.00995809,0.0002,4e-05
0.0111242,1.12417e-10,-7.44249e-13,0.0430675,0.00996884,0.0002,4e-05
0.0111242,1.18619e-10,-8.94076e-13,0.0424775,0.00997959,0.0002,4e-05
0.0111242,1.24465e-10,-9.03349e-13,0.0418874,0.00999035,0.0002,4e-05
0.0111242,1.29399e-10,-5.52842e-13,0.0412973,0.0100011,0.0002,4e-05
0.0111242,1.34333e-10,-2.02335e-13,0.0407073,0.0100119,0.0002,4e-05
0.0111242,1.37694e-10,1.48305e-13,0.0401172,0.0100226,0.0002,4e-05
0.0111242,1.40072e-10,4.99029e-13,0.0395271,0.0100334,0.0002,4e-05
0.0111242,1.42451e-10,8.49752e-13,0.0389371,0.0100441,0.0002,4e-05
0.0111242,1.43592e-10,1.44018e-12,0.038347,0.0100549,0.0002,4e-05
0.0111242,1.44673e-10,2.04225e-12,0.0377569,0.0100656,0.0002,4e-05
0.0111242,1.45057e-10,2.64485e-12,0.0371669,0.0100764,0.0002,4e-05
0.0111242,1.44091e-10,3.24861e-12,0.0365769,0.0100871,0.0002,4e-05
0.0111241,1.43126e-10,3.85237e-12,0.0359868,0.0100979,0.0002,4e-05
0.0111242,1.41683e-10,4.07094e-12,0.0353968,0.0101086,0.0002,4e-05
0.0111242,1.40064e-10,4.14764e-12,0.0348067,0.0101194,0.0002,4e-05
0.0111242,1.37467e-10,4.22454e-12,0.0342167,0.0101301,0.0002,4e-05
0.0111242,1.31182e-10,4.30219e-12,0.0336266,0.0101409,0.0002,4e-05
0.0111242,1.24898e-10,4.37984e-12,0.0330365,0.0101517,0.0002,4e-05
0.0111242,1.18099e-10,4.45446e-12,0.0324465,0.0101624,0.0002,4e-05
0.0111242,1.1107e-10,4.52774e-12,0.0318565,0.0101732,0.0002,4e-05
0.0111242,1.03582e-10,4.60106e-12,0.0312664,0.0101839,0.0002,4e-05
0.0111242,9.43833e-11,4.6745e-12,0.0306764,0.0101947,0.0002,4e-05
0.0111242,8.51842e-11,4.74794e-12,0.0300863,0.0102054,0.0002,4e-05
0.0111242,8.30583e-11,3.8579e-12,0.0294963,0.0102162,0.0002,4e-05
0.0111242,8.34987e-11,2.61831e-12,0.0289062,0.0102269,0.0002,4e-05
0.0111242,7.57521e-11,1.37842e-12,0.0283162,0.0102377,0.0002,4e-05
0.0111242,5.20622e-11,1.37923e-13,0.0277261,0.0102484,0.0002,4e-05
0.0111242,2.83742e-11,-1.10246e-12,0.0271361,0.0102592,0.0002,4e-05
0.0111242,2.96124e-11,-2.71906e-12,0.026546,0.0102699,0.0002,4e-05
0.0111242,3.22458e-11,-4.3567e-12,0.025956,0.0102807,0.0002,4e-05
0.0111242,1.54696e-11,-5.9954e-12,0.0253659,0.0102915,0.0002,4e-05
0.0111242,-1.44393e-11,-7.63481e-12,0.0247758,0.0103022,0.0002,4e-05
0.0111241,-2.8138e-11,-8.9629e-12,0.0241858,0.010313,0.0002,4e-05
0.0111242,7.28578e-12,-9.34753e-12,0.0235957,0.0103237,0.0002,4e-05
0.0111242,4.27096e-11,-9.73217e-12,0.0230056,0.0103345,0.0002,4e-05
0.0111242,-1.65931e-11,-1.0119e-11,0.0224156,0.0103452,0.0002,4e-05
0.0111242,-7.88764e-11,-1.05059e-11,0.0218256,0.010356,0.0002,4e-05
0.0111242,-4.32545e-11,-9.4463e-12,0.0212355,0.0103667,0.0002,4e-05
0.0111242,3.57408e-11,-7.74583e-12,0.0206454,0.0103775,0.0002,4e-05
0.0111242,3.15556e-11,-6.04629e-12,0.0200553,0.0103882,0.0002,4e-05
0.0111242,-6.99291e-11,-4.34783e-12,0.0194653,0.010399,0.0002,4e-05
0.0111242,-9.85346e-11,-2.64482e-12,0.0188752,0.0104097,0.0002,4e-05
0.0111242,1.15754e-10,-9.26666e-13,0.0182852,0.0104205,0.0002,4e-05
0.0111242,3.04582e-10,7.9143e-13,0.0176951,0.0104313,0.0002,4e-05
0.0111242,7.50953e-11,2.50844e-12,0.0171052,0.010442,0.0002,4e-05
0.0111243,-1.54411e-10,4.2256e-12,0.0165151,0.0104528,0.0002,4e-05
0.0111243,2.12333e-10,4.17677e-12,0.015925,0.0104635,0.0002,4e-05
0.0111243,6.55971e-10,3.90021e-12,0.0153349,0.0104743,0.0002,4e-05
0.0111242,4.18774e-10,3.62333e-12,0.0147448,0.010485,0.0002,4e-05
0.0111242,-3.17786e-11,3.34635e-12,0.0141547,0.0104958,0.0002,4e-05
0.0111243,4.26526e-10,3.06984e-12,0.0135646,0.0105065,0.0002,4e-05
0.0111243,1.39858e-09,2.79359e-12,0.0129746,0.0105173,0.0002,4e-05
0.0111244,1.28209e-09,2.51774e-12,0.0123847,0.010528,0.0002,4e-05
0.0111244,3.11229e-10,2.24216e-12,0.0117947,0.0105388,0.0002,4e-05
0.0111245,7.80281e-10,-7.72823e-12,0.0112046,0.0105495,0.0002,4e-05
0.0111245,2.78804e-09,-2.80586e-11,0.0106144,0.0105603,0.0002,4e-05
0.0111245,2.96672e-09,-4.83886e-11,0.0100243,0.0105711,0.0002,4e-05
0.0111246,9.6702e-10,-6.87182e-11,0.00943412,0.0105818,0.0002,4e-05
0.0111247,1.39757e-09,-1.08883e-10,0.00884403,0.0105926,0.0002,4e-05
0.0111248,5.03508e-09,-1.75222e-10,0.00825403,0.0106033,0.0002,4e-05
0.0111249,5.49535e-09,-2.41561e-10,0.00766403,0.0106141,0.0002,4e-05
0.0111251,1.87137e-09,-3.07894e-10,0.00707408,0.0106248,0.0002,4e-05
0.0111253,2.65098e-09,-6.18579e-10,0.00648397,0.0106356,0.0002,4e-05
0.0111255,8.91234e-09,-1.23342e-09,0.00589371,0.0106463,0.0002,4e-05
0.0111257,8.84241e-09,-1.84825e-09,0.00530345,0.0106571,0.0002,4e-05
0.0111259,2.59745e-09,-2.46309e-09,0.00471319,0.0106678,0.0002,4e-05
0.0111262,3.904e-09,-3.03197e-09,0.00412306,0.0106786,0.0002,4e-05
0.0111266,1.09412e-08,-3.56597e-09,0.00353303,0.0106893,0.0002,4e-05
0.0111271,8.8306e-09,-4.09997e-09,0.002943,0.0107001,0.0002,4e-05
0.0111275,1.81335e-09,-4.63392e-09,0.00235302,0.0107109,0.0002,4e-05
0.011128,2.24419e-09,-4.75011e-09,0.00176263,0.0107216,0.0002,4e-05
0.0111284,5.36664e-09,-4.71531e-09,0.00117212,0.0107324,0.0002,4e-05
0.0111289,3.03993e-09,-4.68052e-09,0.000581613,0.0107431,0.0002,4e-05
nan,nan,nan,nan,0.0107539,0.0002,4e-05
