0,71.91536115,58.95327648,34.73996575,60.12233967
0.66,70.19980749,57.7732541,35.27303102,59.08039767
1.32,68.47192587,57.21480116,36.01546584,58.61290102
1.98,66.68092922,56.8113225,36.26908453,57.2500546
2.64,64.56924858,55.20181204,35.90700142,56.06039771
3.3,62.03832949,54.75657419,36.2601867,55.4471725
3.96,59.04074554,54.21418537,35.95945051,54.13825728
4.62,58.02795535,54.09181045,36.41689753,53.43554499
5.28,57.29019264,53.9068388,36.35861274,53.02725936
5.94,57.88350299,53.58867236,35.58165449,52.89970737
6.6,59.56227373,53.35758612,34.78345865,52.94986104
7.26,61.48098626,54.14808137,34.78813114,52.7606589
7.92,62.40866709,54.75537994,35.73954293,52.80397572
8.58,62.919442,54.60322111,35.77778029,51.99257275
9.24,64.58086831,54.66321478,35.86073012,52.72618621
9.9,64.69821356,54.60500271,35.53437978,52.46234253
10.56,64.73317152,54.50447005,34.7134486,51.71047022
11.22,65.78108806,54.96145887,35.53888332,52.81565832
11.88,65.6483199,55.49682875,35.93831212,53.71792049
12.54,64.6208973,55.38457822,35.20186993,52.82556379
13.2,64.73327307,55.36297688,35.74028365,53.12697802
13.86,65.3295877,55.93279781,36.32551835,54.1439277
14.52,64.65547541,56.85843494,36.77026471,54.27365539
15.18,63.52575269,56.84479419,36.64921376,54.5948832
15.84,62.10571385,56.24920096,36.55898191,55.08771292
16.5,60.38229355,56.86429309,36.90412511,54.65723905
17.16,60.79698448,56.97862437,36.74742797,54.51058532
17.82,62.68386904,56.94220774,36.93570212,53.93321614
18.48,62.44484241,55.88531957,35.98613692,54.56602064
19.14,63.28022495,55.35824981,36.26201762,55.38651957
19.8,63.69723641,55.06043695,36.89081888,56.14553641
20.46,63.25777995,56.28354536,37.62350499,55.62467132
21.12,64.00973895,56.48706546,38.59131416,54.79715217
21.78,65.43846389,56.65372344,39.24753453,54.20084417
22.44,66.03720272,56.59061635,39.8726092,54.14128003
23.1,64.76257321,55.53658031,40.59863941,53.6224518
23.76,65.29039991,56.10463929,41.36097235,53.85258985
24.42,66.09926265,56.59821709,43.13287523,55.48846767
25.08,64.31181026,56.76640159,43.02333909,54.5055696
25.74,64.51014036,56.59032209,43.32367201,54.93431261
26.4,66.14745301,57.59024911,44.01682204,56.79187369
27.06,66.32865941,58.35059946,43.99873449,56.67110377
27.72,64.69140493,58.6086422,44.53208681,56.39218675
28.38,65.06238458,59.50575988,44.97218091,56.70668453
29.04,65.45740537,60.3981643,44.65088713,55.74786906
29.7,66.49725485,61.07660751,44.43393068,54.87009313
30.36,67.09844375,61.72071155,43.82809454,55.04661966
31.02,66.38122064,61.15209013,42.41914703,54.21188305
31.68,65.37387531,60.45944092,41.79840373,56.14398984
32.34,65.23960901,59.99200942,41.68268035,57.06907148
33,64.19630381,59.92943883,40.10802821,56.90891708
33.66,64.61924405,60.4619518,39.36694852,55.85870058
34.32,65.77658158,60.00581328,39.45679467,55.30794339
34.98,65.40724081,59.11888427,38.90190742,54.46710169
35.64,64.23139011,57.72312974,38.35429257,54.25318873
36.3,62.70715598,55.40558907,37.69709721,53.34244543
36.96,63.20247343,54.84537021,37.22233411,53.51609419
37.62,64.17817309,54.32368617,37.02660226,52.90073851
38.28,63.299421,54.19475424,36.4773336,52.72129493
38.94,63.57021712,53.15543264,36.12140571,53.16404098
39.6,63.41749315,52.84706059,36.46291058,52.16172662
40.26,62.38114871,52.20640879,36.883388,51.47754885
40.92,61.82217304,51.99459378,38.39768212,51.31868643
41.58,61.54346261,52.30295321,38.70717587,50.42354172
42.24,62.24208052,52.68091341,38.78700182,50.07954341
42.9,62.91074055,52.51464031,39.20394985,50.39579912
43.56,62.69441861,52.80171504,39.63134559,51.56645301
44.22,62.62794611,52.44818872,39.5051176,52.61958806
44.88,63.92791071,53.11268721,40.34901486,54.35808597
45.54,64.47791313,53.31306312,40.06710305,55.05130478
46.2,63.58118198,53.89685361,40.30835137,54.78194009
46.86,64.10581906,54.35760959,40.73339668,54.55083914
47.52,63.87790369,54.80854542,40.52373165,55.1176305
48.18,62.98162972,54.4913413,39.59073235,55.12589174
48.84,63.41776812,54.33370176,39.19223364,55.29379968
49.5,63.29620827,53.80996685,38.68030229,54.54564062
50.16,63.3154326,53.92056294,37.63799757,53.51768889
50.82,62.56709279,53.90902935,37.00850092,52.79191582
51.48,60.56776935,53.11799221,36.41082834,51.93029103
52.14,61.27763031,52.46184234,36.48102806,51.69263193
52.8,62.14619548,52.01987173,36.2546062,51.32656425
53.46,62.79556681,52.30889532,35.75601947,50.8439677
54.12,62.64924371,52.05314286,35.63478888,49.69736076
54.78,63.37422313,52.35331007,35.18032559,49.2946577
55.44,65.29517594,53.05096871,36.02011315,48.51534194
56.1,65.52181252,52.75725913,35.98984373,48.87950599
56.76,65.6978854,53.5371412,37.06190906,49.52343368
57.42,66.86840993,55.17720643,38.12498741,49.69441742
58.08,68.00760498,56.94593275,39.7370982,49.75494968
58.74,66.97612051,56.63289504,40.72799585,49.34586432
59.4,65.19690783,56.54235343,41.76701306,49.02641677
60.06,65.12881227,57.19130635,42.18723643,48.94446919
60.72,64.4829853,57.33975332,42.79282251,48.98518136
61.38,63.36142134,57.05222052,43.08452431,49.15042786
62.04,62.01204451,56.79733149,42.95051728,48.05843959
62.7,59.32233563,56.1047791,43.45307132,47.99331292
63.36,57.05727896,56.07120983,43.04149623,47.36755337
64.02,55.35573947,55.32828993,42.97622478,47.27792187
64.68,55.39304109,55.62474302,42.67060321,47.27455643
65.34,57.03896677,56.70299117,43.0327997,48.80070557
66,57.01623123,56.91546668,42.48723263,51.02061775
66.66,56.53135533,58.45592179,42.67368872,51.69333368
67.32,56.91145877,57.9651959,42.80634459,52.94469746
67.98,57.61380707,57.72734218,43.22218213,53.98954741
68.64,57.61564819,57.90708139,44.25132175,55.30971651
69.3,56.93930697,57.96401629,43.82237452,56.73535128
69.96,58.35768375,58.80681586,44.65764124,57.83153667
70.62,59.93443864,59.35023374,44.44974088,57.29889895
71.28,60.64074386,59.04362121,44.58157965,57.69235921
71.94,61.55015956,57.34008099,43.43687696,56.32655029
72.6,62.29784488,56.48862066,41.60039495,55.29191331
73.26,61.8940793,55.82581099,40.26766269,54.7832195
73.92,61.78901561,55.48084491,39.42648034,54.10183226
74.58,62.92496807,56.05749741,38.56677153,53.59255181
75.24,63.434975,55.76173719,38.05575333,52.43023124
75.9,63.76393799,55.90638748,38.15096305,51.78502038
76.56,63.45210733,56.07536085,37.48238876,49.9333162
77.22,62.65193006,56.32380572,37.92903355,49.15963813
77.88,63.04466869,57.59555701,38.78172551,49.31632391
78.54,63.22863868,58.25977077,39.33710678,49.51280048
79.2,64.40022218,58.71821648,39.79600612,50.87070715
79.86,65.12864752,59.30668228,40.40549496,51.10289734
80.52,65.96497227,59.11132058,41.58172072,52.30162971
81.18,66.09644023,58.97606775,42.41503811,53.33519314
81.84,65.61291995,59.55105935,43.39450561,53.41444999
82.5,65.88211,59.92697004,43.6795528,52.73276939
83.16,67.89817102,60.1288622,44.0811793,52.48302526
83.82,68.16256428,60.69032011,43.20496748,51.69081994
84.48,69.14871761,60.89470629,43.50890179,51.98170613
85.14,69.25818402,60.54598233,42.37774264,50.57511277
85.8,68.37375138,60.26588578,41.40286988,50.28677751
86.46,68.78877836,60.80552294,41.64424082,51.22874322
87.12,70.36715202,60.96628715,41.56670471,50.97729989
87.78,72.00649208,61.0792563,41.26691461,51.1676833
88.44,71.66122765,60.2320475,41.36905718,49.56343016
89.1,70.56447259,59.19517084,40.84962969,48.34686399
89.76,69.02858045,58.80856068,41.00186715,48.00245821
90.42,67.25774421,58.86522213,41.64619035,48.80504296
91.08,68.37142305,58.65524753,41.75651959,49.61068165
91.74,69.14822858,58.46745702,40.49117178,49.30587301
92.4,69.80854726,57.8990669,39.71289113,50.83201143
93.06,68.43359348,56.89282504,39.2890264,52.1371687
93.72,66.80041312,56.20048213,39.6737495,53.25864162
94.38,64.975377,55.63208923,39.5655335,53.47468313
95.04,63.74235001,56.63768445,40.0601884,53.76064903
95.7,64.30858439,57.02219557,40.09875988,53.6988269
96.36,64.09325355,56.93939774,40.3194168,54.62513174
97.02,62.26481404,56.33951183,39.98349225,54.48753795
97.68,60.76285795,55.15476901,40.46696722,54.47822942
98.34,59.83754891,55.29344801,40.47719566,54.7409613
99,58.77103399,54.3396184,39.72866893,54.14078816
99.66,59.26670335,54.19596176,40.06949915,54.38346429
100.32,58.44900412,53.67295266,39.91619837,53.98968599
100.98,57.44766267,53.25424415,39.3331359,52.93104492
101.64,56.43702466,52.88438175,39.50183498,50.33769886
102.3,56.00248042,52.48388048,39.2359024,50.49253004
102.96,54.97372163,53.04064294,39.23465719,49.19066286
103.62,54.57830579,52.91682032,39.33099043,49.15367269
104.28,56.00129957,52.87975187,39.066524,48.35941595
104.94,55.88474019,52.91774018,37.53008758,47.56081102
105.6,55.44815906,51.64206187,36.90199958,48.28517484
106.26,55.48242396,52.04464299,37.88643697,48.38327879
106.92,56.67725731,53.5039007,38.31630585,48.97881653
107.58,60.12338352,54.67768591,39.20496258,48.98588795
108.24,62.80394038,56.09997999,38.94440273,48.948342
108.9,66.41336249,55.6371975,39.36385303,48.2842264
109.56,68.38780063,56.0801879,40.26515048,48.85222844
110.22,68.223994,55.64126846,40.51950289,47.99546059
110.88,68.87560706,56.18259288,40.1799269,47.35357884
111.54,69.2041039,56.45174664,40.7689827,47.24450811
112.2,70.10960469,56.12652912,41.35136078,46.5550726
112.86,70.75667336,56.13505745,42.56497599,47.25259764
113.52,70.25578397,56.10847953,42.73606675,46.41077167
114.18,69.97967876,55.34469809,42.12326213,45.77240395
114.84,69.93725376,55.38817054,42.16286623,45.99570071
115.5,68.10519646,54.54977371,41.49435395,46.44581166
116.16,65.22361087,53.24056141,41.39118331,46.78290077
116.82,63.3822325,52.20207079,41.07262819,49.18326468
117.48,62.17654113,51.71354929,40.68914941,50.21691442
118.14,60.97038031,50.87306003,40.15966312,51.887362
118.8,59.93184677,50.5439033,39.68970587,51.66064937
119.46,60.2263981,51.77275447,39.67415179,52.68027516
120.12,60.91596131,53.03104219,38.6260371,53.9181505
120.78,61.90278576,53.26479417,38.58155366,53.86345629
121.44,62.38191083,54.23535102,37.65123265,53.37292221
122.1,64.07429426,54.37824926,36.96551385,53.2637628
122.76,63.0663368,54.95997579,37.07427167,52.33402734
123.42,61.49286102,54.2847722,37.50884719,50.71565038
124.08,61.03729826,53.57516677,37.46708401,49.24953457
124.74,60.8526092,53.08286906,38.57630399,48.25347564
125.4,61.30559165,52.57637698,38.59682057,45.35074558
126.06,61.0827959,52.63676273,39.1766484,44.28401045
126.72,61.21154229,52.23499037,39.21710511,42.286508
127.38,62.26673084,52.10225635,39.97515572,43.010245
128.04,62.53171301,52.06349092,40.54253065,44.18170128
128.7,61.10749241,51.2254095,40.41809261,45.00589796
129.36,59.40040453,51.28619588,40.66102685,46.87454373
130.02,60.21046336,50.7017038,39.60106718,48.16543756
130.68,61.07781138,50.86084395,39.49670385,48.14760381
131.34,60.4877192,50.56963467,38.10427272,48.26282967
132,61.23389035,51.76399332,36.66282245,47.8503796
132.66,62.50371196,53.52838073,35.67438004,49.56139779
133.32,62.18387098,54.52759127,34.65376238,49.77775532
133.98,63.1320641,54.95193328,34.68199951,50.52339717
134.64,64.32155082,56.07478161,35.12914975,51.27105065
135.3,63.76154897,56.55267635,35.04438356,52.11830457
135.96,61.2252505,56.25431767,35.98348398,52.07818797
136.62,60.46106052,55.79106587,36.79702924,52.16516015
137.28,60.44602422,55.56951259,36.72357849,51.46977702
137.94,59.61469264,55.19343501,36.35582103,50.22836998
138.6,58.21103638,55.1830752,37.31862045,48.81348726
139.26,57.71601788,55.63428403,38.48067529,50.25888391
139.92,58.30927138,55.2652078,38.8741755,50.4267464
140.58,59.71781615,55.88750385,39.48716744,51.09186084
141.24,60.42940517,55.62808465,39.06804618,51.13774116
141.9,58.48370658,55.18021996,38.69065671,50.31811417
142.56,58.30503086,55.16036829,37.92152872,49.8563882
143.22,60.77358188,54.88939371,37.25127985,48.94844503
143.88,60.62599792,54.97506501,37.29401015,47.69402934
144.54,59.70252808,54.37115097,35.86145721,47.52162178
145.2,60.00391355,54.10478965,35.54630363,45.90200343
145.86,60.38775757,54.06987432,35.47833441,45.77474795
146.52,60.15092314,53.53943392,34.92103015,45.03220148
147.18,59.39005354,52.97291647,35.4944172,44.90946831
147.84,58.8090044,53.14663579,36.016341,44.08499322
148.5,58.44960751,54.1233679,37.22454275,44.39923585
149.16,57.78948656,54.32399913,38.13741669,44.28162146
149.82,57.60491157,54.75847013,39.50527563,44.25513689
150.48,56.89377085,54.456981,40.52040076,44.14738528
151.14,55.60175583,54.29964504,41.53161235,44.42929263
151.8,56.19155396,55.18449589,43.21493193,44.6565714
152.46,57.25703558,55.11954977,43.52689722,45.96298173
153.12,59.01069917,55.74743154,43.90444404,46.28732565
153.78,59.99417558,56.39205881,44.26186919,46.03117807
154.44,60.76414237,56.59880271,45.07710025,45.56461273
155.1,60.41573619,56.73245921,44.91803346,44.4639084
155.76,61.96160285,56.99925818,43.41976265,45.07482026
156.42,62.46508782,56.40056702,43.49035412,44.80116705
157.08,61.02556288,54.92714242,43.15497015,45.52993951
157.74,60.11795988,53.43824393,41.60782508,46.40999126
158.4,60.75008701,52.88039887,41.10827513,45.12442235
159.06,60.33155352,53.00183617,39.761625,47.11894605
159.72,58.88624448,52.06787213,38.28040957,47.48781395
160.38,58.79165008,50.67618148,37.97082327,47.22432499
161.04,61.12628988,51.18019469,37.9027764,47.74557328
161.7,62.20048057,51.24179858,38.07821196,48.36532022
162.36,61.84986435,50.88056229,36.942869,48.76894286
163.02,62.75278162,51.29579378,37.65704203,48.15338234
163.68,64.39310835,51.16768095,38.08281721,47.91921271
164.34,65.30491428,51.80843798,37.91883704,47.35435663
165,67.10319849,52.54305811,38.34347308,48.20396907
165.66,68.40471396,53.76718494,38.94744918,48.39870109
166.32,69.67937514,54.94857352,39.20764041,47.77173018
166.98,69.99962648,55.29882865,39.30041909,46.77679199
167.64,69.77222551,55.73241357,39.68613597,45.53575521
168.3,68.7881447,55.40578983,39.1416949,45.61238974
168.96,67.16176494,55.3619739,39.68661545,46.48372169
169.62,64.65485084,54.17202307,40.87380869,44.79552663
170.28,62.03223699,53.80022227,40.80212603,45.21554713
170.94,59.53566066,51.76018748,38.86758553,45.04877281
171.6,58.20362154,51.49847407,37.78545701,45.84294692
172.26,55.62344604,51.58238118,37.64308602,47.76910326
172.92,54.15391635,50.55634621,37.15837711,46.74133069
173.58,54.19135431,50.35072922,36.72210764,45.45679744
174.24,54.14123224,50.07425215,36.02538362,45.44096351
174.9,52.73061639,48.98843649,34.10060054,44.70796073
175.56,53.58201602,50.47877691,34.25187776,44.5845194
176.22,54.5170453,51.049237,34.49682535,42.89158096
176.88,55.21865448,51.41798487,34.43508345,43.0929765
177.54,55.55663321,52.60827609,35.12547744,43.31982365
178.2,57.44426182,54.39727148,36.54621307,44.52340885
178.86,58.60199479,55.43181361,36.83357171,44.36408178
179.52,59.26147089,55.55730833,37.45912078,45.36146887
180.18,59.62905969,56.14261199,38.18080987,46.54775805
180.84,58.81147443,55.95501791,39.802949,46.19400812
181.5,58.61458221,54.86639468,40.69152795,47.15507395
182.16,58.55707986,55.15855866,41.35457129,47.23328967
182.82,58.05925329,54.72873928,41.28332719,46.90782888
183.48,57.6901975,53.63585174,39.68223664,48.70850836
184.14,59.06482791,52.33166949,38.26355286,49.35992465
184.8,60.46943821,53.44397851,38.16667558,50.94443907
185.46,60.7629347,54.47375535,38.46353513,50.48362844
186.12,60.13708261,54.35314674,37.85130366,49.5488909
186.78,60.36488032,54.72860161,38.43670357,48.82800858
187.44,60.7053355,54.32959097,37.47554769,48.2395481
188.1,61.7619298,54.93606897,37.74264501,47.23121094
188.76,63.94056914,54.99043853,38.32588231,47.71153114
189.42,65.42920158,54.88841154,38.36491094,47.78101507
190.08,66.01150771,55.25490998,38.90989096,48.50693323
190.74,66.33282096,55.80881467,39.43502559,49.19544022
191.4,66.38202928,55.22943269,39.34267921,50.63318883
192.06,65.74141949,54.90821056,39.809243,50.79350321
192.72,66.45332525,54.939026,40.88574823,50.75777186
193.38,66.6711369,54.07628555,40.71179257,50.2599161
194.04,64.82614219,53.23056649,40.76825288,49.11577214
194.7,63.96512418,52.62363422,39.20330785,48.41499147
195.36,63.64051507,53.3972255,38.60101263,48.50342499
196.02,61.66761721,51.67512399,37.60343947,48.45477076
196.68,59.71717483,50.07492355,36.41150472,48.79618295
197.34,59.63375674,50.24597557,36.42625782,47.97421213
198,58.35133531,50.89208807,37.15505621,48.36634994
198.66,55.7562458,50.77624832,37.11964035,47.48456774
199.32,54.38014151,51.25071069,37.64621353,47.30936687
199.98,53.60650175,51.48437054,37.63198982,45.71580982
200.64,53.35439248,52.07041846,37.03738338,44.34911978
201.3,54.34229651,52.68131696,37.71499706,43.82558428
201.96,53.866599,52.6162743,37.91560154,44.57497664
202.62,54.90562199,53.7989587,38.53976423,44.15069232
203.28,54.96685781,54.35665431,38.74130573,43.87504179
203.94,56.50018678,54.70714761,38.98829082,44.25865746
204.6,58.23415554,54.7766675,40.16228238,44.95521582
205.26,58.85553635,55.27420068,40.49091136,43.78866064
205.92,59.19038901,54.46319219,39.17735851,42.89895859
206.58,59.69647369,53.46614689,37.55828796,43.21509976
207.24,60.31461243,53.77108015,37.00379544,43.08334168
207.9,61.70733061,54.0506325,36.3774894,42.94177827
208.56,62.06282016,54.12155313,36.55672372,42.68704983
209.22,61.01480608,53.51099947,36.6301544,43.42074093
209.88,60.47732566,53.00155025,37.41162082,43.82904899
210.54,60.70700359,51.84202322,37.83056704,43.08649198
211.2,61.15619936,52.30806057,39.1871911,44.61757281
211.86,60.37733232,51.56238817,39.04569815,44.87633648
212.52,60.57051777,52.49568425,38.93789346,44.76876557
213.18,58.78287731,52.94477576,39.00403379,43.37637563
213.84,58.4699277,53.40540948,39.35085124,42.53023229
214.5,57.72549396,53.93620115,39.54491003,43.21825744
215.16,57.0699068,53.66545718,39.70500478,42.57118642
215.82,57.01983738,53.10796633,39.48078787,42.63376885
216.48,56.46115984,53.04845476,38.97769102,43.42764433
217.14,56.51767535,52.39152374,38.12831795,43.85702513
217.8,56.43664816,52.03592593,38.16952683,45.02707849
218.46,56.89283235,50.95783298,35.56950612,44.79113409
219.12,58.08395391,50.45992166,35.40035398,44.8764435
219.78,60.31683833,50.41140509,35.96931007,46.30058544
220.44,62.58002919,51.18943558,36.80807118,47.1168436
221.1,62.50375669,51.58647884,37.17030188,47.07401792
221.76,60.86027272,51.02033431,36.70500816,45.7910577
222.42,60.38354881,50.69803856,37.40295975,47.21270504
223.08,59.38488954,49.29419032,37.65242707,47.07340479
223.74,58.85335067,49.01596384,38.44365565,47.68986094
224.4,59.0748794,50.83577503,39.28582883,48.47655256
225.06,57.54439845,50.99893995,38.88838423,47.61144186
225.72,57.30086998,52.18156621,38.51838369,46.962848
226.38,56.05376135,51.87566247,38.51664127,46.48314453
227.04,55.92941364,51.76266674,38.07971283,45.60381222
227.7,54.44862069,51.88136299,36.87392698,44.89765199
228.36,52.72911124,50.85566873,35.63028702,43.38682081
229.02,52.32238993,51.08916208,35.06498146,44.16417452
229.68,52.74043248,51.47355254,33.8993089,44.18301275
230.34,54.36722976,52.20779154,33.35911557,43.63594105
231,55.39249754,52.6342243,32.5586084,43.54541058
231.66,57.5210991,52.8346698,32.21901797,42.88650044
232.32,58.404347,53.91253128,33.90983755,42.97673686
232.98,57.7758028,54.01437038,34.3626759,43.41571912
233.64,57.32198364,53.78407292,34.42970018,43.36980879
234.3,55.894668,53.09924684,35.01746952,42.41322858
234.96,53.5660531,52.68507377,35.94735156,41.20203756
235.62,52.97752142,53.14587183,37.04981879,41.54606216
236.28,52.66131302,53.89086338,37.46472199,42.12122041
236.94,54.31432793,54.32560246,37.75256998,41.61689215
237.6,55.06762049,54.01204101,37.05307205,41.29828101
238.26,56.92389665,53.75906469,37.02353553,41.15648388
238.92,57.3827999,52.85667183,36.9426516,40.65298035
239.58,56.61662853,52.23315067,37.01261983,40.43115274
240.24,54.82101928,52.70178709,37.25699898,40.44959019
240.9,56.0125314,52.60677719,36.65706402,40.73970863
241.56,58.07071603,52.6784738,36.74440827,42.05886117
242.22,59.75700322,52.83606665,37.56364882,43.41086273
242.88,60.32679825,52.1760451,37.04484651,43.51219133
243.54,61.76824605,53.10177967,37.39119663,44.13602361
244.2,60.87119051,51.88124311,36.62713996,44.66534379
244.86,61.02899146,51.82376973,37.20681686,45.50070846
245.52,59.89432543,51.27765537,37.24897167,46.18014563
246.18,58.72746059,50.65011018,37.14251473,45.49509895
246.84,60.45953792,50.5857274,37.64206757,45.14804169
247.5,61.68824798,51.17059337,37.78139017,45.53339392
248.16,61.03734677,52.16364599,38.20277773,45.00172216
248.82,61.00252413,52.07581627,37.28368818,45.8561716
249.48,62.23451588,51.53856298,36.94444187,46.64141926
250.14,63.36527984,52.82189558,36.38886955,45.88017447
250.8,63.57319153,54.58335158,36.9306686,45.92273743
251.46,63.69871959,55.89558465,36.88227815,45.38442641
252.12,61.77339186,56.93330919,37.01616327,44.43017086
252.78,60.51437992,58.33597181,36.96787769,44.77992031
253.44,59.09994241,58.8743835,37.29387487,45.73451004
254.1,59.86824019,59.00807206,37.03980566,45.30354089
254.76,59.80166919,58.64029297,36.44424581,44.62875891
255.42,58.13393927,57.75834834,36.33530419,43.92423031
256.08,57.14387354,55.92501556,35.96842466,43.31633414
256.74,56.14532961,56.0960029,36.38188089,43.43925386
257.4,54.01291375,54.75978643,34.98011921,42.32200622
258.06,52.55664445,53.65890717,35.27283556,42.14000891
258.72,52.51387166,52.80132666,35.7807828,41.64149835
259.38,53.00968956,51.9986775,35.12273206,41.52270117
260.04,53.49793751,50.88264258,34.73060862,42.58760922
260.7,53.79427916,50.72709367,34.66683492,43.41886951
261.36,53.91349865,49.53471578,35.48710821,43.5466116
262.02,54.0894178,48.38630272,36.05915267,44.18139709
262.68,55.8771865,48.81636221,37.36894131,44.60186016
263.34,56.8809626,50.84782379,38.21655756,44.73472716
264,57.41743993,51.16498091,39.01794672,45.53367382
264.66,57.52213114,50.32983039,38.68882444,44.90091781
265.32,57.99360041,50.93022632,39.15125387,44.43043194
265.98,57.56753616,50.85216614,37.90464801,45.37951455
266.64,57.77307026,51.67252951,37.84694423,45.3480709
267.3,59.3360099,52.2425751,36.89058267,42.99132212
267.96,60.37068669,52.07531231,35.38370838,41.33207216
268.62,60.38100018,52.3299334,36.09950751,40.89298861
269.28,60.84364572,52.5815171,35.72231057,40.3031314
269.94,60.72661559,54.31183473,35.73883887,40.89484428
270.6,60.04863114,54.42923583,35.5216974,40.28476295
271.26,59.30298586,54.20717961,36.59584968,40.99567196
271.92,59.16226018,54.06406379,36.555955,40.83753808
272.58,58.37170832,53.52553231,35.74379238,42.51796436
273.24,57.46337749,52.81130916,35.38729865,42.95883386
273.9,59.35354097,52.32539485,36.41754276,43.52239207
274.56,60.09043066,52.31759245,36.76079166,44.65503297
275.22,59.39226751,51.82553217,36.68724839,45.10991747
275.88,58.61664369,51.13916691,36.92533217,46.67823228
276.54,56.55859371,50.68172989,36.74758108,47.53267863
277.2,58.13832583,50.26499885,36.33950136,47.37110201
277.86,59.4561417,50.18982547,36.14198437,47.01933128
278.52,58.89222209,50.73148745,35.22168998,47.69724659
279.18,61.19476071,51.63407809,34.75946165,48.01411075
279.84,61.66396689,52.37279286,34.70814886,46.31944828
280.5,63.98917428,52.90518767,33.6971203,44.00544488
281.16,64.26743299,53.47799059,33.85865213,43.75582983
281.82,64.35804757,54.55302218,34.86576354,43.46793834
282.48,63.53382984,54.14529513,34.19543594,42.13762527
283.14,63.1169678,54.37440522,34.75724402,41.75735944
283.8,61.84333375,54.07722739,35.64114584,40.77779958
284.46,60.77710439,52.6285173,35.83164954,40.39439954
285.12,59.1280507,51.92472632,35.57708526,39.92754884
285.78,58.24760622,50.87006909,35.06471846,40.5606088
286.44,57.386566,49.5765716,34.8207818,39.78548888
287.1,57.59406966,49.41482756,34.12651959,39.82247842
287.76,55.95037118,49.74136954,34.59407732,39.93314201
288.42,53.41587992,48.0068598,34.2448591,39.9620511
289.08,51.91507205,46.3334403,35.8730223,40.08415829
289.74,51.02075759,45.88231333,36.26854884,39.88174678
290.4,52.51798804,45.68637379,36.319185,38.43209737
291.06,53.07052436,47.42161391,37.00648672,38.69075684
291.72,53.56292535,48.74349218,35.81400394,38.08750906
292.38,55.82303646,49.66189047,35.57453002,38.69634165
293.04,55.69591029,49.51588879,35.10710973,38.11024807
293.7,57.09133702,50.2675574,35.04025969,38.19274633
294.36,49.5099593,45.29097994,33.61380867,38.02127827
295.02,47.73361547,42.06518642,31.61238722,36.74939384
295.68,49.16782957,42.87894907,30.92003917,36.45513594
296.34,53.73047065,48.9183933,30.47704398,37.40769187
297,57.44114455,52.13532595,31.75421807,38.06254576
297.66,66.22707231,57.11736334,36.2790527,38.84112934
298.32,73.62492219,59.14176346,41.32345739,39.93895031
298.98,86.52615567,66.22330113,47.16605,40.6571686
299.64,100.5799213,77.00293455,55.00051602,41.4836898
300.3,113.980061,85.92357461,62.28974013,43.02138893
300.96,122.7699964,95.36357344,68.717191,44.11991111
301.62,136.6301316,103.8424927,75.03680022,46.09680835
302.28,148.0455056,111.4646255,79.06414529,48.59531913
302.94,161.7642654,122.2641811,85.70607643,50.93320543
303.6,173.5897821,131.57845,91.13200843,52.24252097
304.26,182.5488389,139.0972508,95.86351119,54.8367143
304.92,185.8941792,143.0889239,97.05146316,56.88209562
305.58,193.2790092,145.8364671,101.7806247,60.11459561
306.24,195.7685072,144.9523983,102.5262207,61.75745904
306.9,193.8095236,143.2419068,101.6966488,63.00809646
307.56,186.5497486,138.3469776,99.39253948,63.13515294
308.22,191.6480308,142.8676623,97.59629267,63.85927939
308.88,191.287993,147.2612,97.79889832,64.79257062
309.54,190.8441904,147.3325316,96.85282585,65.57497865
310.2,185.7734674,144.3949958,96.75234964,64.83533288
310.86,190.6859828,147.6668244,97.39232875,64.69587284
311.52,194.2092159,148.4386937,96.75667883,63.43249146
312.18,201.814209,153.1088205,96.35120133,62.08880955
312.84,201.5392938,153.1516447,95.65188732,60.6807934
313.5,201.2315023,149.3519242,94.9756632,59.68553243
314.16,202.6417301,150.9285884,93.43687855,59.01062866
314.82,207.8282246,153.2055075,87.90843009,59.59111509
315.48,209.1821226,155.831074,89.09206133,59.48917076
316.14,211.7138289,155.4350246,93.58642739,59.12111439
316.8,206.7703825,154.9007382,93.62845595,59.51619184
317.46,206.7345138,158.067769,95.16072379,60.18219117
318.12,210.0963813,155.4054276,95.00328368,60.00263668
318.78,216.6772304,156.4216064,97.09535495,61.1053365
319.44,217.3255181,155.3831938,94.80846346,61.23564308
320.1,216.375485,155.8713006,95.23822749,61.41071362
320.76,215.7395599,157.2949954,94.75236176,62.72727656
321.42,219.9856328,157.5607382,95.68862459,63.52599901
322.08,215.8638109,156.3622217,96.81393652,64.02975499
322.74,215.1821382,157.9337359,95.59613629,64.23840116
323.4,212.9563492,162.0351061,92.85249968,63.62441096
324.06,217.4250831,166.3391954,90.4770508,63.52168127
324.72,215.4663273,167.4795948,89.19612374,62.11754972
325.38,209.2188528,163.6546254,85.80387337,60.54505338
326.04,204.984701,163.9630957,83.69678501,58.56629176
326.7,202.9690946,163.6057418,82.54623028,59.30331671
327.36,200.9441523,167.1717587,79.42056718,59.60958422
328.02,194.5115363,167.3312913,75.683817,59.0670863
328.68,189.128716,163.2290769,79.832962,58.3304589
329.34,187.4333609,158.1332265,77.80297343,57.90733845
330,188.0281056,160.2647673,78.02632763,57.31472442
330.66,192.0846088,159.9798834,79.33727124,56.07105889
331.32,191.2269855,152.4074665,79.60778108,54.12846198
331.98,190.7173049,147.5468614,78.14505415,53.98151504
332.64,189.8187701,142.3333891,79.20554447,53.95278313
333.3,189.8358319,138.6068077,81.40919942,53.91776433
333.96,188.5429436,136.5037923,83.70552709,54.7079143
334.62,192.7662583,133.7291038,86.47379884,53.90806905
335.28,191.1524608,136.4475802,87.29915541,53.26383474
335.94,194.0333812,135.3655883,88.16741667,53.0239595
336.6,193.6709103,137.2083728,87.76904944,53.73232068
337.26,196.8105952,142.9429012,89.25162799,54.54784968
337.92,190.6786294,145.1795548,88.88723964,55.12458181
338.58,191.8883135,147.8993019,88.57912859,54.96413748
339.24,195.3410061,153.3022259,87.21876167,56.5838792
339.9,193.0676979,149.4415754,89.0010697,58.95967553
340.56,189.1225318,146.634118,88.92170209,59.27922113
341.22,185.498581,146.1256179,88.63828622,59.48457605
341.88,186.0033908,145.721582,88.25349093,59.41136419
342.54,191.2334016,148.3247829,88.3010319,59.58905884
343.2,190.4120536,148.8478258,87.34882886,60.36269672
343.86,186.2715039,142.832069,86.72906523,60.39774695
344.52,180.0627153,140.0631076,87.26378908,59.80916713
345.18,181.1417285,140.475998,86.23408709,60.25442234
345.84,178.8365267,138.429191,87.65545911,59.24931308
346.5,185.8590724,141.642864,86.82791845,57.9211919
347.16,186.9307713,143.4074111,86.42034164,57.68849408
347.82,196.3389681,146.1193797,84.13984826,56.50725216
348.48,199.2021302,145.9495238,82.95668872,55.54127093
349.14,202.3744522,141.2516765,81.16974771,55.4180338
349.8,203.5991185,148.7665304,80.53919949,55.39276312
350.46,207.2075583,152.8451979,81.33364715,56.84143512
351.12,203.9993949,150.2910911,81.16754541,56.94759762
351.78,206.0822816,150.4122018,81.28959723,55.99028919
352.44,205.2347249,147.2399366,81.30977687,55.3256001
353.1,201.4653176,141.1140092,83.24326418,55.68434393
353.76,197.1507345,140.3626263,79.90296611,55.97074196
354.42,191.3155959,141.4995203,80.92480272,56.47542153
355.08,190.5487308,137.9509158,81.27486494,56.51926716
355.74,184.1465658,135.0945017,79.06181077,56.41069368
356.4,177.7301419,130.1054558,77.50553141,56.19669689
357.06,177.0626478,126.579765,80.68055335,55.65938481
357.72,170.7942245,127.8143531,82.21002213,54.74803235
358.38,176.8064279,129.8436388,81.78763116,54.2600368
359.04,179.0798184,127.3792918,81.28826636,52.16403008
359.7,185.8631171,132.0011639,80.53498685,51.45355438
360.36,184.5843553,129.3246833,81.42513095,52.08912474
361.02,184.3612053,128.5974302,79.33463518,52.05963831
361.68,189.0095566,127.9948398,79.88630068,52.58572522
362.34,193.4765814,128.7079206,79.88148731,52.84311132
363,198.5005633,134.3470505,81.58013144,53.6770513
363.66,201.9630388,130.0501183,81.01067985,55.15041547
364.32,202.9759701,133.5427843,81.00448492,55.42315878
364.98,202.6509003,136.7577931,79.49094623,54.55838879
365.64,208.0691543,140.5452162,79.27324723,54.64496847
366.3,205.5355689,139.3073458,75.64010182,55.4658022
366.96,199.1140016,142.3485249,75.14343367,55.44609405
367.62,187.1721104,143.6735004,75.50230668,54.57419769
368.28,186.9077131,144.0679831,74.93289956,54.81931888
368.94,183.0274296,145.2347262,73.89764732,54.79668155
369.6,182.9238039,145.8476799,74.66690207,54.4678623
370.26,178.5588585,141.721445,74.74683447,54.88582921
370.92,173.2424918,138.8117643,72.97951333,54.18945936
371.58,177.2366218,140.7961572,72.00372662,54.00710822
372.24,172.2080564,137.063049,71.61530342,53.99599141
372.9,169.2829319,134.1031059,71.17302521,55.32469136
373.56,167.3790521,131.2044182,70.65596037,56.77067847
374.22,166.2445925,133.8046272,69.00248424,57.0772004
374.88,173.3179732,133.8260371,69.79584213,56.96819431
375.54,175.3919465,131.6685569,69.40452034,56.42777451
376.2,174.9293922,129.8010133,70.24370883,54.90685426
376.86,173.0307095,126.3613771,67.79151061,54.58894518
377.52,175.7809962,131.3574916,68.95735993,53.3070553
378.18,176.7718137,131.5858863,68.7389154,53.07149549
378.84,178.0398534,130.2125348,69.8229818,54.9179075
379.5,177.2347897,129.9825413,69.69817356,54.85721377
380.16,175.9318092,135.0334931,73.75218583,56.58741618
380.82,175.9814721,137.1576283,74.8492984,56.80299995
381.48,180.4757012,134.298565,79.32225025,58.64620998
382.14,186.8628828,136.235543,79.58960631,58.62023155
382.8,189.7716635,135.3026899,79.26614815,58.94727983
383.46,188.4663939,131.6302786,79.67682822,59.64058518
384.12,185.7482158,130.3971142,79.21989362,59.44392068
384.78,188.1528419,133.2530913,79.32434012,60.05763808
385.44,187.2311925,131.7402367,76.50775722,60.18766358
386.1,189.4223179,135.0735176,76.61242332,59.94253797
386.76,192.2700209,135.1144308,73.26737279,58.96719761
387.42,197.9806368,136.7899292,72.8938591,57.49713711
388.08,202.9451164,137.7039666,72.17355369,56.21670794
388.74,205.6419044,136.3911065,70.76007451,54.83642014
389.4,204.8803035,139.8523762,70.77203923,52.03364353
390.06,208.613655,142.2209648,68.86658965,52.52423933
390.72,209.4299408,144.4587636,69.69903389,51.77264241
391.38,204.7114075,142.3043797,68.82982336,53.03213135
392.04,205.69801,142.5372523,66.90136719,53.77243792
392.7,206.9196457,144.5712635,70.0061906,52.85421184
393.36,200.6046386,142.8294745,73.85968654,53.22177979
394.02,192.3520983,143.1462782,76.80139714,53.05125669
394.68,186.9273883,138.4828658,80.25821174,52.90133051
395.34,183.9287067,142.1613916,80.91636565,52.93950247
396,181.7368699,140.5799287,82.624481,53.58415193
396.66,175.3539258,138.1388198,82.27597009,54.2923255
397.32,167.0930782,132.1692306,82.16591133,54.56532704
397.98,170.5016259,131.8949118,81.60950222,54.58145685
398.64,167.0159658,129.6221492,79.90226994,55.85037822
399.3,166.7236995,127.4354018,81.12067109,56.44202247
399.96,169.9505862,124.0560934,78.9740766,56.96505638
400.62,173.1702167,121.0865812,78.93726793,57.32632767
401.28,174.1483759,123.3403125,77.13693529,57.44884572
401.94,178.7064914,124.6535367,76.30145732,56.72703927
402.6,182.4390297,129.9678391,75.25989562,57.06433975
403.26,187.1177226,129.3352556,71.36768652,57.15989746
403.92,181.8072493,126.022705,68.85743801,56.75580454
404.58,183.588474,124.6628041,67.70587803,56.7868779
405.24,187.5108353,126.6656617,65.87683592,56.12098791
405.9,185.0170937,125.5404855,69.4934942,55.80069173
406.56,175.291944,119.481393,69.64687899,54.36284431
407.22,175.2155056,120.5168938,70.61487522,54.82003058
407.88,177.7538929,118.3773952,68.93698962,53.69007061
408.54,178.96741,120.671738,67.42191565,53.42814749
409.2,181.6112689,121.1171515,67.17665662,53.90475389
409.86,177.4798492,116.4497261,66.11618953,54.55385458
410.52,176.9947347,114.3502543,66.54185565,53.84475528
411.18,178.0017916,117.8063984,66.04215426,53.34723976
411.84,172.01163,119.1392529,67.7095458,54.57085238
412.5,174.8454155,121.3702383,68.00773861,54.6870058
413.16,176.8466124,124.0697793,68.73475912,54.83989528
413.82,176.7152329,124.8735617,69.06333898,54.55163152
414.48,180.0932005,132.0826281,68.46370448,53.97435216
415.14,182.9963476,135.7607604,68.81263965,53.48228458
415.8,182.0304405,135.3680806,67.03814325,54.58289623
416.46,179.569063,135.008639,65.57703238,54.27324209
417.12,173.9265642,133.0575656,66.31464274,55.85217637
417.78,174.6876912,131.8422974,67.20862138,55.85896776
418.44,171.0460683,129.4072695,67.76748384,54.96494885
419.1,160.3898421,121.3318971,68.08476877,54.37497064
419.76,150.3976761,116.413341,68.97901408,52.71810086
420.42,157.7320956,120.2340295,67.67892846,52.65803951
421.08,158.410843,120.5796515,66.93831318,51.32868801
421.74,155.0175439,119.3025362,69.1611227,50.42013842
422.4,152.0555398,116.3332826,69.61938051,51.86440787
423.06,152.0047613,111.9199014,69.33846301,51.36553028
423.72,156.2790229,114.1903193,68.99527357,50.56628218
424.38,157.2161958,115.5168112,69.2670531,50.48722936
425.04,157.9687204,116.0294587,70.19886577,49.91078401
425.7,163.6060387,116.9312914,69.290117,49.79019313
426.36,165.1053088,117.8649334,68.72180379,49.70285992
427.02,164.5920474,115.4482859,67.18092159,49.82926271
427.68,164.5326091,114.692879,64.57793374,49.54314905
428.34,165.5978862,112.3894617,64.30336042,50.1137566
429,162.5625556,109.8837678,61.8158427,51.60109269
429.66,163.0465524,111.7000617,61.77418031,52.98141527
430.32,160.7481237,111.2316578,61.28283297,53.85704128
430.98,159.6581089,112.2121642,60.5181004,53.44583824
431.64,156.085591,113.6354135,61.28455589,52.96855431
432.3,148.1691157,111.0858418,61.5413945,53.19962153
432.96,144.4810238,115.3323456,62.72557646,52.13675246
433.62,155.4226312,121.4774269,62.38974689,51.94976502
434.28,159.7412852,126.3702822,64.0592809,51.7750248
434.94,161.7357321,127.8851841,65.12365027,51.85370344
435.6,165.7519497,129.2744505,62.7667142,52.5668181
436.26,163.3481408,128.7052016,62.55769682,50.60345717
436.92,168.9340996,129.5401435,63.19264343,51.0816766
437.58,167.3714039,124.7589278,60.49903717,50.61289803
438.24,166.9658022,122.0898452,60.73757842,49.78261347
438.9,171.5719068,118.4250175,61.23648925,50.97551365
439.56,174.2411394,115.9228374,63.35502854,51.8207451
440.22,174.4721436,112.7867375,65.81263509,51.53268745
440.88,174.306521,110.2646686,66.81986306,51.36264417
441.54,174.1694733,105.2881145,68.08005476,50.63665515
442.2,173.5482123,106.4976967,67.87945046,50.41216999
442.86,176.0526548,110.5552804,70.19207511,50.42929741
443.52,174.4016044,110.1708704,71.03914552,49.78446693
444.18,167.3330744,108.1316634,69.76971742,48.92472295
444.84,165.4377925,107.188465,70.75603169,48.01000427
445.5,163.0032959,109.8565314,71.74057446,47.83600954
446.16,164.4023986,114.0317537,72.16200206,47.08172517
446.82,169.3582817,118.2388487,71.18785015,46.64062781
447.48,168.0346763,119.2312752,68.0716969,45.12189632
448.14,165.5074986,119.1980762,66.42701028,45.16631758
448.8,163.9661906,118.8158447,61.92343656,45.64402541
449.46,158.0041541,115.9872463,57.50848596,45.62308854
450.12,155.2488601,113.1498946,57.16330031,46.13835523
450.78,151.7314879,108.4650354,56.76644909,46.5980333
451.44,151.9403085,108.0225868,59.70726336,46.4652858
452.1,154.9422686,107.3574763,62.17706711,47.53645138
452.76,156.4718354,109.6940148,63.92330155,48.01206123
453.42,154.0711307,109.8648414,65.96645187,47.99667625
454.08,152.8930886,106.3164435,66.95532292,48.12915661
454.74,152.6808673,106.6465796,67.49474541,47.28192365
455.4,156.9255244,110.5748332,68.82022683,47.29148348
456.06,159.2611949,110.5177796,69.61839846,47.87067939
456.72,161.1143475,106.6131158,69.25347578,47.8277213
457.38,160.7250999,105.4974288,68.09823558,46.5039979
458.04,166.0709527,106.0109678,68.21726016,46.25291893
458.7,167.8950534,109.3487631,68.56854683,46.75050874
459.36,168.7546835,107.7300651,68.11361302,47.44672254
460.02,168.4315178,107.5966198,65.7564975,46.96617588
460.68,167.7667084,107.3556334,61.79465899,46.01570359
461.34,168.7807726,109.5824389,60.28794025,47.93070023
462,168.9824832,109.8401724,57.77987666,48.68751571
462.66,165.5712545,109.4950082,57.9274289,48.18838784
463.32,164.4218246,110.0114729,61.86075143,47.82802693
463.98,165.5131259,111.7893674,64.0522017,47.07665522
464.64,164.459369,114.4195865,66.02794671,47.06768638
465.3,165.7980357,114.8924792,65.51785131,48.14268558
465.96,166.065081,117.1640091,65.22712739,49.01994299
466.62,158.0547509,117.1305041,67.42929074,49.77953746
467.28,157.3442779,114.7634281,68.75973379,49.71605152
467.94,156.040482,117.4094825,68.70102938,49.69250036
468.6,157.0187852,116.9439638,69.96975542,50.4298212
469.26,155.2571691,113.8829738,69.24512504,50.35724845
469.92,153.5682082,111.0306396,69.00097619,49.84682635
470.58,153.9933301,110.6913516,67.51029068,49.13209639
471.24,151.3233661,107.7282293,65.68407742,49.26011076
471.9,148.6897695,107.4270123,65.15858314,49.28138722
472.56,147.6116099,105.3441851,63.9668926,49.75443795
473.22,143.1420565,104.287037,61.20941691,48.92846117
473.88,138.10916,102.3571299,59.70709102,48.43261536
474.54,140.0332011,102.7545325,59.9740417,49.40245771
475.2,140.3220749,102.5039414,60.41133536,48.04469016
475.86,141.6063137,102.3304452,60.85910893,46.61698875
476.52,138.2716155,99.73693738,61.28681346,45.54778929
477.18,138.5641344,99.59970068,61.85055486,44.00264296
477.84,143.0018145,102.1989754,61.82015376,45.42168952
478.5,144.4560026,102.2098421,59.51910587,45.74916694
479.16,145.1228221,104.1858033,59.58233253,45.72977889
479.82,142.9143181,103.785718,59.54206908,45.15727612
480.48,150.9747376,105.452032,61.1536499,45.82724065
481.14,152.7467873,108.0660867,61.38056828,46.86767497
481.8,156.9813956,108.2103987,60.87013897,47.27545482
482.46,156.7555131,105.222163,60.29794098,47.16655844
483.12,159.3914447,102.4316246,58.32955816,48.15449035
483.78,161.0224695,100.718979,54.52563424,48.14425049
484.44,158.6932139,97.66088163,54.07369102,48.65525803
485.1,156.9552499,98.03576685,55.29048046,49.45677017
485.76,156.602075,96.47810705,56.40940231,49.41303385
486.42,152.7775906,97.25684764,57.72725362,48.61650813
487.08,152.2418265,98.19760446,60.31144966,48.37395026
487.74,153.1677329,98.77658219,61.6246576,48.16563399
488.4,151.3361648,97.96037129,63.41804468,48.41719987
489.06,147.7076182,93.12643692,63.47295233,48.47970761
489.72,142.9205725,93.86450249,63.13581768,47.92325832
490.38,144.2482766,98.31246206,62.35815929,47.2238241
491.04,144.9629532,101.6219934,62.12771359,47.80623352
491.7,140.6620766,102.2305623,62.05647218,47.27592644
492.36,142.979989,102.9846986,61.69637481,45.36062977
493.02,146.9869236,104.6719122,62.4671739,45.79066524
493.68,152.2259209,104.8572222,62.70392802,47.38984207
494.34,152.5676771,103.4426398,60.85912681,47.67259653
495,154.9069252,103.2638878,59.49002879,47.74403509
495.66,153.880092,100.5758543,57.58664015,49.05023913
496.32,155.2824506,99.2804653,55.97964441,49.1591824
496.98,155.807384,98.3253428,55.01714095,48.59603952
497.64,157.7746027,99.08559722,58.43373787,50.04941986
498.3,151.9910927,98.74173598,61.93114113,49.55360151
498.96,152.3394158,99.45467744,63.03864036,48.29161695
499.62,152.4360475,103.1449576,64.55448865,47.32637054
500.28,151.2665863,102.2424153,64.77968399,47.24951979
500.94,151.9843628,103.1497194,65.81124698,47.67666529
501.6,150.229189,101.2220685,66.78302412,46.95031765
502.26,147.0301031,100.0296674,65.68332383,46.17004628
502.92,147.1924712,103.8881321,64.80363898,44.99930524
503.58,144.4387874,101.1132811,64.6010478,44.76569039
504.24,146.9200356,100.5112689,65.03435688,44.86805527
504.9,146.1459492,98.42909384,64.77849673,44.43948724
505.56,150.270213,97.13347376,63.62655061,44.14424847
506.22,154.3567164,97.70410836,61.53675901,45.1791208
506.88,155.1137327,98.61636967,60.86918799,45.5037258
507.54,159.3384499,100.7992057,59.57531612,45.63386415
508.2,159.4653757,102.0756041,60.30896606,46.06055539
508.86,156.704492,101.3809452,59.57302495,46.12758114
509.52,158.0992529,101.8517529,60.32414906,45.8203633
510.18,157.8550048,98.24324739,59.39712895,45.64360902
510.84,153.6646677,98.20628649,60.77559927,46.77727178
511.5,149.887612,98.36278004,61.00017856,45.23360106
512.16,156.068897,100.5457247,59.00158814,44.02707975
512.82,156.3825564,99.6837373,59.48477726,42.69048974
513.48,154.8443645,99.7935751,59.31710309,42.71184151
514.14,153.142689,100.6848605,60.7843092,42.0351131
514.8,154.5205585,101.3368347,61.85432347,41.74077626
515.46,152.6926184,101.5770387,63.39297819,42.38625478
516.12,150.1327498,101.1199556,63.16106197,41.6861845
516.78,145.5348918,99.17995855,62.42687409,41.87998952
517.44,152.7525528,103.277128,63.02042866,42.32260181
518.1,156.5362075,105.1333456,63.21339218,42.8994048
518.76,161.0906573,108.664364,62.76596218,43.02587623
519.42,163.8148203,112.0400247,61.56792281,42.64322405
520.08,165.9619393,115.9547552,62.43560835,42.88410226
520.74,167.0638824,115.9322198,61.21766199,42.97848839
521.4,164.372125,116.6124414,61.56742704,43.46864846
522.06,162.5662789,111.9902856,59.95569323,43.15971214
522.72,163.1582315,111.2793329,57.86249153,42.88545459
523.38,159.7229054,106.6217349,57.91772606,43.22114083
524.04,157.6113133,107.290407,58.12262503,43.48454266
524.7,159.6120395,108.4783298,58.48988534,43.22569641
525.36,159.672751,107.479206,57.84053084,43.1235765
526.02,156.1932721,106.8030999,59.25991963,42.82169985
526.68,155.4456324,110.2513009,59.9689282,44.05741628
527.34,152.6902705,108.6721914,61.77535191,44.30445527
528,152.8280174,109.0523931,61.58245847,45.35680547
528.66,150.7275646,108.1908022,63.49097125,45.5115178
529.32,149.8647617,107.5110517,61.98224831,45.38660778
529.98,152.0980566,109.05457,62.06643487,46.09463469
530.64,158.5510373,111.3066325,64.03845901,46.36353456
531.3,159.997257,112.2219365,65.28314194,47.35616113
531.96,158.8991748,110.7793216,64.98880523,47.19856171
532.62,152.4226107,108.8596873,61.53084191,46.7645427
533.28,151.2261984,107.4173486,60.8019109,46.88054856
533.94,147.4936586,103.8123622,62.67850747,46.55370707
534.6,145.7989041,102.2341393,62.17367484,45.77385357
535.26,138.7014089,93.78030476,60.4661376,44.17041841
535.92,134.7677644,95.93672775,60.90249598,43.35829078
536.58,137.8937195,96.37245735,62.93068429,43.89680148
537.24,139.1712208,96.58124987,61.1884646,42.5985237
537.9,139.8611328,99.53958455,61.60978048,41.70810678
538.56,142.9971632,101.501881,61.77676054,41.24927594
539.22,143.8357082,101.5633743,61.76208487,40.33756054
539.88,146.4509507,103.0740033,61.34785059,40.68521736
540.54,148.7276441,101.1544238,60.83266068,41.10367969
541.2,151.5024041,101.4921852,59.58505529,41.47066138
541.86,152.8875027,101.2763989,60.63284084,41.38545435
542.52,151.8169139,99.82549259,59.33168298,40.57545812
543.18,151.0405264,100.219496,58.3658946,40.49137679
543.84,149.6143854,100.2984128,59.06545523,40.51201285
544.5,146.9170165,100.0487042,57.92458144,40.23325823
545.16,145.1443769,97.86763074,56.07206812,39.78948872
545.82,140.0988605,95.94390294,53.84998511,39.68996814
546.48,137.0753935,93.36287976,54.70837019,39.36910414
547.14,134.0836864,91.18682346,54.12777403,38.53024919
547.8,130.2453321,87.83691563,51.07825958,36.72795872
548.46,125.3217857,83.75100709,49.90161817,36.29389203
549.12,130.0907293,87.10778753,50.72164587,36.87639021
549.78,134.7128458,87.5582525,50.34803271,36.96308304
550.44,135.3505058,84.90041685,49.27652133,36.85218668
551.1,135.5356997,85.90467782,51.10704961,37.10040293
551.76,138.0455795,86.48629988,52.51962728,38.69776717
552.42,138.6076468,87.2368577,54.16131305,39.42014182
553.08,142.5749082,90.8579107,56.97898065,40.9163847
553.74,146.9247578,91.62651832,58.55467205,41.98322937
554.4,149.8824429,93.92635442,60.88890616,42.32230118
555.06,152.6341779,95.70770308,63.54096923,42.65320206
555.72,159.3224201,97.66515224,64.09529532,42.60999839
556.38,160.9742356,98.72506754,65.16029462,43.11363513
557.04,159.5752367,100.0344,66.56085628,43.2294565
557.7,160.7023373,99.71472334,65.44777627,42.94536085
558.36,164.8714634,101.5281098,65.33795694,42.32560777
559.02,161.9789362,101.8717835,62.6857771,41.53183901
559.68,158.5100992,100.9998889,62.39197511,40.39046177
560.34,150.4496215,96.30382183,61.36847381,39.37267943
561,151.2278956,96.90183831,60.60733994,38.41582732
561.66,151.1200833,96.6887709,59.14718509,38.23168483
562.32,155.31807,98.35857582,57.97114108,38.17240577
562.98,155.3452573,98.29632445,56.82383857,37.61704288
563.64,156.7378296,98.11097255,56.24998336,37.06673083
564.3,155.1101981,97.66200565,56.08264839,36.71389216
564.96,156.1162018,99.57199329,57.1285824,37.16496185
565.62,155.8967149,99.71876251,57.71740216,37.18179598
566.28,157.9616274,100.9379081,58.65426623,37.77113011
566.94,152.943306,97.36196253,57.7841932,38.04911726
567.6,153.8584619,98.13602221,57.02470537,38.82743844
568.26,151.2507063,97.91785653,56.19345265,39.34300792
568.92,154.0634342,98.52634844,53.98966692,39.54372807
569.58,150.4340061,98.73060646,53.89085585,39.17340175
570.24,149.8306048,99.74967207,52.51779302,38.80159322
570.9,148.7533494,98.04014713,50.78376391,39.37352818
571.56,146.3656642,100.0541845,50.56583314,38.41177967
572.22,142.1389027,98.50016735,50.34179141,38.82601581
572.88,140.8405307,97.80903304,52.44852736,39.29726681
573.54,137.841198,96.56522094,53.89578478,39.25147327
574.2,144.620467,100.1207855,53.30179043,38.58317943
574.86,145.5032058,98.31552056,51.55136998,38.07786752
575.52,146.5980626,99.20577256,54.19156596,38.12678067
576.18,147.2914862,97.50136599,55.73007785,37.47715121
576.84,146.6870045,95.81154061,57.17779862,36.91482547
577.5,143.3150355,92.90547963,59.04293209,36.28481333
578.16,139.9186396,90.37842769,60.57760717,35.95017996
578.82,136.8311165,85.69169666,60.05584519,36.21031187
579.48,136.7643784,85.15586269,59.69663222,36.81486457
580.14,134.8375469,82.61922386,58.52949377,36.83911268
580.8,137.4560462,83.95096167,57.76277174,36.49936523
581.46,136.3964589,82.14422408,58.05718932,35.83203849
582.12,137.9085156,83.46445796,57.51356623,35.78574431
582.78,136.1695608,84.07805264,57.28655704,35.22131291
583.44,136.8867022,85.96000135,55.69360511,35.95114804
584.1,134.8382296,85.25103162,54.33821019,36.63017399
584.76,137.7219315,88.84404482,54.52257302,36.78265684
585.42,138.08061,89.33354335,54.37216752,37.49483277
586.08,138.6854089,90.93816444,53.33240442,37.75765618
586.74,136.9669229,93.09764376,54.61015359,37.72608883
587.4,135.6952429,94.3595063,53.73380538,37.92974458
588.06,133.871032,93.90153083,53.57764644,38.17448912
588.72,132.0302043,92.69110556,55.71367266,38.18995456
589.38,127.6733568,93.12147302,55.44579277,38.10676996
590.04,124.5521217,92.21444922,54.50063556,37.37479355
590.7,123.433238,92.40101381,54.97528604,36.09822728
591.36,123.286559,91.7697808,54.78651151,35.97928907
592.02,123.4393057,93.06807017,54.76088126,35.10410051
592.68,130.2013108,94.56076372,55.76532334,34.53950385
593.34,133.0968228,92.64126382,56.88562755,34.16874524
594,133.2071571,90.56434908,56.17386483,33.26233267
594.66,136.8919445,89.83022934,56.37974704,32.76611025
595.32,137.9546275,91.33012025,54.28908896,32.8400988
595.98,141.8208659,91.84756541,53.49210879,32.93031313
596.64,146.1864267,92.98423569,51.05503186,33.13956465
597.3,148.0771795,92.97535833,50.92371304,33.83944233
597.96,150.9201609,91.9725787,51.5178932,34.01849255
598.62,148.9320642,90.72186892,50.96229572,33.89908925
599.28,149.03121,91.25627983,51.2401798,33.70248642
599.94,144.8527327,92.06266606,53.3992312,34.73842603
600.6,144.5024637,91.83668998,54.48547855,35.42027867
601.26,142.5889813,89.8420908,53.62517924,35.96242927
601.92,140.6839986,89.54893743,54.53109664,36.13827625
602.58,135.1668953,91.663954,55.14710204,35.89543935
603.24,135.3537928,91.33681437,55.48918769,35.46107105
603.9,136.8303215,93.05241395,55.07951758,35.06001179
604.56,136.2833049,93.911063,56.49955454,35.42800369
605.22,136.7819858,91.79606985,57.44118922,35.63718115
605.88,143.0585423,90.69357064,59.36009094,35.45707045
606.54,140.3486871,89.85702459,59.19933331,35.63817649
607.2,141.8801726,89.9436964,57.71272116,35.39716678
607.86,146.4239049,92.4013841,58.78257866,36.07237326
608.52,147.0636679,92.5449259,58.12837634,35.6406993
609.18,150.4599708,92.20333786,60.5195972,35.45341693
609.84,150.9799813,93.81228864,61.28957337,35.18249763
610.5,150.4185115,93.08747342,62.16365833,35.9980636
611.16,151.9281631,91.84120048,61.93028061,35.01578118
611.82,150.1888677,93.41083809,62.21861678,34.39386366
612.48,148.9059101,92.82744585,63.44664981,35.48714111
613.14,147.7423841,95.85002933,66.19838431,36.35170408
613.8,150.6705191,97.9763014,66.41705276,35.71071183
614.46,147.9419823,98.73660151,66.43536984,36.40350623
615.12,143.8944599,99.48746445,66.33184099,36.81371363
615.78,138.3121275,99.67938342,64.43549346,38.547124
616.44,135.1767051,98.82958051,63.65936336,40.04318442
617.1,131.8847284,97.15003976,62.3980163,42.30605691
617.76,125.8411815,95.19241805,64.85592617,45.50972495
618.42,119.9730722,92.0644554,64.49806612,48.68484206
619.08,113.0165876,90.92425059,63.90783172,50.79267265
619.74,102.6949681,86.71357115,63.07793791,55.09509702
620.4,100.1436511,84.54547593,64.20959391,58.13405861
621.06,95.14200093,82.45286094,66.04231536,61.5732505
621.72,90.56150544,78.84663454,68.22714547,64.18979047
622.38,87.17432775,75.98719212,69.60579978,65.51812604
623.04,82.64887893,74.50945503,69.55049798,67.41548448
623.7,80.63324397,70.67534344,67.15230156,69.3808242
624.36,81.01702786,70.58132799,69.35875025,70.12185698
625.02,78.86338657,70.70417129,72.13797605,71.37840148
625.68,78.90286175,70.24312442,73.34131056,73.26619185
626.34,81.04276476,72.83115169,74.1049441,73.05328015
627,80.49656755,72.43108233,74.61296662,73.90441179
627.66,79.59762702,72.47861029,75.23273289,74.62204317
628.32,77.78039647,73.20648756,74.87138356,74.40932606
628.98,76.66394029,72.43280075,74.24668671,75.47755256
629.64,78.34299168,74.05783017,75.73154695,75.60258608
630.3,78.56845347,74.49716212,75.76170293,74.89620689
630.96,79.19765441,75.74115086,75.10935826,75.87381598
631.62,79.53281056,75.8268612,73.64125245,77.08360168
632.28,77.15591219,74.83416493,72.5887167,77.29719836
632.94,75.87677297,73.30733547,72.64886857,77.55256021
633.6,77.30017976,73.02604697,71.79299275,76.15084602
634.26,76.99443263,72.76706265,69.72487231,75.31547592
634.92,77.81074113,71.41773322,68.28564057,75.25246724
635.58,75.75916571,71.40555161,66.38739664,74.2871941
636.24,72.9466134,69.32722824,62.76552684,74.3180846
636.9,72.71077862,68.42682287,60.92408491,73.93089832
637.56,72.44477561,69.15933615,62.6376235,74.94527345
638.22,70.78615828,68.18218491,62.63293089,74.71261904
638.88,71.12581411,67.60283998,63.00691564,74.36554122
639.54,69.83766967,65.03472168,63.6129891,75.07188433
640.2,69.06939665,65.8916048,65.82928638,76.61503926
640.86,68.75617333,65.12040918,65.07100262,75.39335382
641.52,68.56336521,64.50855143,66.08728976,76.21932725
642.18,69.33607849,64.97459926,67.03711114,77.34421365
642.84,71.1035556,67.78514064,68.41506213,76.86288503
643.5,71.95878483,67.10821651,65.84459982,75.90113302
644.16,73.50168351,67.55474494,67.36428805,76.86617342
644.82,75.2945736,68.18635995,68.33062962,77.8190152
645.48,73.22230373,67.9031449,67.94618716,77.26711551
646.14,73.83843837,65.82438137,68.6558398,77.34838795
646.8,75.19291493,67.42263682,71.19112312,77.56299627
647.46,76.40090839,69.85262544,73.15473072,78.22933303
648.12,75.87675357,70.40036959,73.98293192,79.29309591
648.78,75.05143901,72.9360165,74.26442438,80.00427563
649.44,75.13294078,72.3893605,73.27863271,79.78761633
650.1,75.90842965,72.95105842,74.18056441,79.5581291
650.76,75.56151737,73.76785638,75.28222159,80.81271245
651.42,76.54627879,75.0782285,77.49509917,80.01192803
652.08,76.2132612,75.99672886,79.29913205,79.4497231
652.74,76.1662417,75.17140597,79.24967563,79.98128951
653.4,76.57483212,76.33023587,77.96150075,78.93087536
654.06,74.68008786,76.25331053,75.94039497,75.62837923
654.72,75.34032594,76.18620772,75.57042591,75.35653617
655.38,75.93872262,77.98036305,73.82624602,73.70438465
656.04,76.6813434,78.51670844,71.0787436,71.56663405
656.7,77.52113324,77.34040661,67.76691658,70.81458773
657.36,78.031593,78.66940742,69.08822495,70.00877106
658.02,76.69971926,78.00369174,67.3978086,68.85845611
658.68,74.0912472,76.71663276,66.22465428,66.87230289
659.34,73.508692,75.27453465,67.41451031,67.94182358
660,74.04649591,76.99710421,68.83853266,68.81261181
660.66,73.06835627,75.67224257,67.24953383,68.62805767
661.32,72.10411441,74.12908363,66.79602872,68.45591048
661.98,71.92443028,74.26796269,67.67478549,69.91820563
662.64,72.66821596,73.39366391,67.1088128,69.43551048
663.3,72.51954423,72.55100101,66.58265609,69.43156055
663.96,73.42652699,73.81511734,67.83930929,71.32326764
664.62,75.03093381,74.46005624,68.792196,72.65876881
665.28,73.97359746,71.60986898,65.91033869,73.62904052
665.94,75.54204008,71.28720636,66.47033521,74.93588151
666.6,74.40144973,70.04721501,65.6788646,74.0162214
667.26,75.41866302,70.98216609,66.43768628,74.45982669
667.92,79.49627777,72.77001862,68.97132956,76.52163109
668.58,81.73536324,74.42980193,70.268058,75.22214613
669.24,81.75257345,75.31434537,69.04989324,75.95604155
669.9,83.72933475,77.26485766,71.95444577,77.66036776
670.56,83.61846138,77.56404476,72.88330116,75.97408468
671.22,83.18696162,76.94997219,73.49912646,75.21140022
671.88,83.55875965,77.48436511,73.13764638,75.94963907
672.54,83.69616405,78.04520883,74.27811512,78.84640305
673.2,83.19454984,77.2058558,74.14230181,79.35659196
673.86,82.18974923,77.50193135,74.87985512,78.90661985
674.52,82.08766378,76.94682564,75.27213549,77.26241399
675.18,82.25321891,78.39038271,75.12004723,76.98544763
675.84,81.2347929,78.28524146,74.04626601,75.84312524
676.5,79.79973917,77.27501589,74.16842341,76.01564696
677.16,77.92756765,75.13397668,72.84093923,76.1723598
677.82,76.25156404,73.18406974,69.89506229,74.61972412
678.48,73.62326865,71.42485952,68.34575393,74.98802146
679.14,74.70788221,71.9478976,70.94347602,74.69436539
679.8,73.58031464,70.38592852,69.1495832,72.8237568
680.46,75.23612361,71.42314922,69.45845655,74.76511735
681.12,76.98011016,73.49830322,70.84411672,74.82652874
681.78,76.3031249,72.58447913,69.77262777,73.10769434
682.44,74.53935564,71.91937217,66.48431116,75.82708245
683.1,76.84070792,74.5053126,70.31680337,76.56583037
683.76,76.90532073,74.10034972,70.5060442,75.7752969
684.42,77.633374,76.40078101,70.13939225,77.41332682
685.08,78.96074941,78.15654075,70.73560429,78.45163169
685.74,79.53806338,79.22908768,73.18276847,79.46583948
686.4,80.0362987,80.084347,74.51523977,79.81369893
687.06,81.34453438,82.79517095,78.10979168,79.91123978
687.72,81.49519398,82.29848646,77.61665801,78.54288541
688.38,81.43140219,83.33593721,78.04542238,79.38177827
689.04,82.12478187,82.54351949,79.8765013,78.58207988
689.7,82.08720821,82.16296177,80.95076518,76.8966406
690.36,80.0701729,80.81066596,80.45900305,74.96525367
691.02,79.2928926,81.52953991,79.40330452,74.41072634
691.68,79.26839138,82.34789089,78.74405244,75.20431891
692.34,79.19821415,80.84568758,76.54107691,75.07945612
693,76.72489955,79.58967739,74.78668394,74.30072288
693.66,76.28353002,79.43284345,74.9644451,75.91459629
694.32,77.92519224,79.92492235,74.36964305,75.32622802
694.98,77.13744396,78.70966571,73.22859142,75.28940675
695.64,75.42631451,77.62891599,71.26955883,77.03595357
696.3,75.94559847,77.68496108,74.02374125,76.37418737
696.96,76.34329472,76.96341653,72.39787335,75.33339723
697.62,78.2159826,77.31029229,71.17372461,74.6881742
698.28,80.58557901,77.7115857,73.308224,73.72360906
698.94,82.72910793,78.4791754,75.61615675,72.75937727
699.6,84.0389422,79.41475949,75.17897153,73.23772449
700.26,84.40868549,79.06634522,74.63036079,72.70013586
700.92,84.66352709,77.79888671,72.78780607,71.98586409
701.58,86.88694856,79.09825114,73.73806211,73.39060046
702.24,88.32163885,80.50773274,74.50516718,72.17032878
702.9,87.66713064,81.43611293,74.81801436,72.23280559
703.56,86.09954203,81.32238459,73.91951988,72.14760914
704.22,84.79334983,81.951649,73.15988902,71.6331124
704.88,82.83333615,82.70746648,71.83070629,70.41179333
705.54,81.54204528,81.558099,72.2591132,72.30233018
706.2,79.84024499,81.23272561,72.7420842,72.44815747
706.86,79.5844738,80.06746789,72.44908224,73.98032591
707.52,78.13676699,77.28082926,70.90383965,74.74483842
708.18,76.26141497,78.26822845,72.17272494,76.99902843
708.84,72.94260301,76.86326903,72.24132632,78.69081817
709.5,70.82656161,75.96148577,71.84201844,78.95742256
710.16,70.34719293,76.21239,71.25564254,79.22755829
710.82,72.22477133,77.21668164,72.97675535,79.33078431
711.48,72.78574853,77.01994846,73.47191601,79.25306721
712.14,73.90862986,75.98612567,72.78337342,80.18349557
712.8,74.50720709,75.63411843,70.20896039,80.07874194
713.46,74.09368066,75.79032265,70.42646739,80.41517614
714.12,74.36521289,75.9665372,71.48457277,80.28037043
714.78,77.92964771,77.74318602,72.3298621,80.94247825
715.44,78.36029022,77.00159305,70.46976831,79.14736807
716.1,80.96469228,77.60490993,71.5674123,78.53578707
716.76,81.42083413,77.55430061,71.02022636,76.57187158
717.42,81.82642038,78.20659703,70.84577275,74.74511729
718.08,81.93475478,78.15192988,70.84136581,73.51834424
718.74,83.22779519,77.40050729,69.36293134,73.1450854
719.4,81.15509906,75.56092652,68.30138123,73.35878633
720.06,80.00708503,74.06571749,67.86408792,73.62410726
720.72,80.00415142,73.28620385,67.15870384,74.63123927
721.38,79.12366478,75.25509219,66.47754573,75.79748306
722.04,78.49145381,74.0983999,66.95365077,76.50552332
722.7,77.81311048,73.70532895,66.91023485,75.32556561
723.36,78.19517956,73.24874036,69.03327821,75.08075214
724.02,78.21497789,72.564056,68.80091702,74.85783484
724.68,77.72163207,71.96825011,68.74647982,73.0526849
725.34,77.99965814,71.17522655,67.88496554,71.9524261
726,78.71721303,72.24178684,67.80043868,70.98853424
726.66,78.81711583,74.23619065,68.93875285,71.4007615
727.32,79.7929775,73.78869344,67.53649215,69.92257483
727.98,81.77559319,73.58389279,67.27113257,69.88735542
728.64,81.97501966,74.26149143,67.32291639,70.1027246
729.3,83.08985602,75.78831866,69.33054744,69.29814998
729.96,82.30641971,76.33397966,68.63360868,69.21312563
730.62,80.37421809,74.53039815,68.77116154,68.88607265
731.28,79.82070177,75.39200143,68.17892489,68.56441996
731.94,79.4758519,76.25738013,67.85907126,69.49710352
732.6,76.39479457,75.74534673,69.88498787,71.39953658
733.26,76.65772239,75.33409183,71.03461203,72.48997295
733.92,77.57252803,76.12595295,71.98256205,74.55698216
734.58,76.50713046,76.6906815,71.82192899,74.18321403
735.24,76.74462689,76.98234923,74.27043144,74.49647849
735.9,76.71696513,76.48040941,73.93038669,73.093093
736.56,77.891102,76.56151262,74.77724851,73.99757716
737.22,77.86885955,75.9430659,73.75094909,73.05668853
737.88,79.17334675,76.74632226,73.05916305,70.89842258
738.54,80.84232614,75.33597595,70.4786098,70.81150937
739.2,82.8861299,75.61539419,68.96975634,70.48997166
739.86,82.71037853,74.51835549,66.78420245,69.73385668
740.52,81.96947945,72.59904155,64.46928654,68.25845124
741.18,81.26777799,71.28893174,64.28737056,67.49045926
741.84,82.31060368,71.62821375,63.3513201,67.71739399
742.5,80.72562915,69.1673854,61.07282253,66.29129411
743.16,79.29814839,68.59660452,58.18748538,66.41259319
743.82,76.30358888,66.59876974,56.94289762,66.4841847
744.48,75.51952568,67.59406874,55.47280282,65.71096084
745.14,73.40938188,66.07649565,56.94146973,66.69192879
745.8,70.71231433,64.41630823,57.76636481,67.91988174
746.46,71.63851737,65.15205325,58.97482445,69.57571749
747.12,71.12484254,66.38771776,58.42711476,69.45594189
747.78,71.31548326,67.66179186,59.90016603,69.20438739
748.44,71.18333219,68.76996449,61.79838129,69.92153895
749.1,72.26862186,69.175315,61.86071044,69.25149686
749.76,72.29343368,69.8492711,62.61757229,69.9407507
750.42,73.03516781,69.57781467,63.39440799,69.71978462
751.08,73.58145413,69.43653952,63.13044766,70.46232233
751.74,73.26789784,68.83098386,62.60157231,70.84773552
752.4,71.74790196,67.59462192,62.99173799,70.15680727
753.06,72.89084676,69.63238638,65.00888318,70.27883186
753.72,75.41079772,72.17871286,66.99527118,71.00440344
754.38,76.14891685,72.97882198,68.47664366,71.28299387
755.04,76.44092221,74.10556452,67.91178107,71.71382553
755.7,74.98812775,74.64648134,66.90480859,71.04910166
756.36,76.0894193,76.92642056,67.38309526,70.44799423
757.02,76.66330159,76.87559091,67.33464488,69.32108354
757.68,77.3694774,75.49640156,66.62904316,67.90493877
758.34,78.05813448,75.28210715,66.161776,67.99981353
759,76.5495775,74.54177843,64.41568806,68.37028499
759.66,75.73446643,74.78298337,62.46812804,67.20557267
760.32,75.32802866,73.5940239,62.00289628,66.2380354
760.98,75.04835222,73.53092075,63.65307393,67.07114125
761.64,73.30465296,72.05508093,62.58868179,68.15129553
762.3,71.78568839,69.61591374,60.64108268,68.61525436
762.96,70.89966395,67.47707103,60.56379717,71.21116821
763.62,71.06245891,65.09644211,60.49395418,72.65484702
764.28,69.57742738,62.76198194,59.00638603,74.278424
764.94,67.5252327,61.83331296,57.5415903,76.26455295
765.6,66.91487818,62.594415,56.27942536,77.62154058
766.26,69.43190098,66.22114257,58.28928255,79.55705215
766.92,69.88708975,66.40021384,57.99600552,81.23748241
767.58,68.38327972,67.05611225,59.61222258,81.97333723
768.24,67.22812855,68.72799227,59.91293219,80.36921329
768.9,69.26952157,70.20705722,61.32422416,79.03583886
769.56,70.86600578,71.29073004,62.76390897,77.33717311
770.22,71.06868665,71.44411716,62.05067152,74.52729511
770.88,70.44134745,71.35192576,61.48456851,72.06919312
771.54,70.02855952,71.97793562,61.64088902,69.87711764
772.2,68.62481578,71.27679637,60.46120901,69.41942609
772.86,67.43400678,69.42711809,60.39172314,67.01500112
773.52,67.71149121,67.76227815,61.5557658,66.84811492
774.18,66.66130996,67.73385071,62.35000786,67.88802106
774.84,64.53831232,67.21568736,62.93734325,68.67793401
775.5,64.04281572,65.83980645,63.29441415,68.42519144
776.16,64.20457083,65.13310391,63.36591539,69.22566586
776.82,65.28471138,63.86877918,63.406702,69.49706129
777.48,65.81717423,64.08332931,61.93050197,69.87917954
778.14,66.40229183,66.42155194,60.92718381,71.38943684
778.8,66.92301582,69.47607065,60.41212747,71.2727152
779.46,69.37021449,71.22132273,61.91797503,71.88127324
780.12,70.21468782,72.14084276,60.13272948,71.88354595
780.78,73.13504105,74.9836412,61.86196713,71.99538913
781.44,76.04950717,77.54389051,62.50730462,71.10308985
782.1,80.6003103,80.80904505,63.64621776,72.43466675
782.76,82.23814041,82.47766116,63.22552329,72.29641994
783.42,81.62481018,82.16817283,61.36686138,71.13618123
784.08,81.73785445,82.07653551,62.41977143,71.28834523
784.74,81.25025191,81.15418561,62.48440368,71.67662843
785.4,79.2664568,78.44502289,60.96206493,71.17975829
786.06,76.34139405,75.57000199,60.83380972,68.84845683
786.72,75.4916051,74.76941819,60.49301083,69.07182417
787.38,72.51728845,73.24277268,61.27149326,69.11864126
788.04,70.4316875,70.54572293,61.7665317,69.00369524
788.7,70.18652448,67.0983297,60.86939771,68.35763966
789.36,68.48568977,64.24701018,60.40739571,67.8934342
790.02,66.94086192,62.09461564,61.85294699,66.6917136
790.68,65.66826735,62.13264257,62.34098565,63.88409468
791.34,64.87708711,61.9274657,63.30652262,62.00625423
792,63.93094188,62.41764824,64.13868428,61.30657847
792.66,65.49678901,62.34528641,64.13381385,62.23449118
793.32,65.28911794,62.62165025,62.35853993,61.31752275
793.98,67.37467629,63.71875253,59.95187724,61.10230044
794.64,68.24255727,66.59917008,62.45338849,62.37762152
795.3,68.60991918,69.18009815,64.54676794,62.71450498
795.96,66.92592582,69.14609003,64.79303506,62.63534042
796.62,64.81995606,68.33989405,64.77701522,62.4437371
797.28,65.6535415,69.23070912,67.07610731,62.91423861
797.94,64.67601167,69.52137117,65.73035632,63.1589031
798.6,64.36582215,68.97422679,66.14644463,62.58189769
799.26,64.07018102,69.72746717,65.82228177,62.65927536
799.92,64.60539025,70.25773201,66.66108117,64.1770915
800.58,65.64340959,69.81246471,66.59107079,64.82523906
801.24,67.08770823,68.53293237,65.96892137,64.33780786
801.9,68.36496027,68.84388893,65.72804751,64.44322219
802.56,67.46169047,67.08505368,66.73834899,63.57886766
803.22,67.95495822,67.88266941,67.89163327,62.83507933
803.88,68.40612328,67.82765883,66.46069078,61.63288401
804.54,68.8210643,67.908957,64.96235527,62.75047599
805.2,68.77889751,68.30213518,64.21606755,64.95948397
805.86,68.28184351,67.3244807,60.73300426,66.14412485
806.52,65.25374229,65.57723143,57.60026355,66.20678399
807.18,64.23957907,65.63612197,55.70306557,66.79922109
807.84,63.70921441,67.58498934,60.00807999,69.05197289
808.5,63.0397528,67.94485177,60.18516821,69.62433126
809.16,62.18064792,67.29968148,59.00886678,71.15132318
809.82,60.2499424,64.94241873,57.43751722,70.83031195
810.48,61.06554615,64.83428666,58.04543256,73.87241777
811.14,61.36075801,65.36138013,58.03783153,75.46588392
811.8,62.12590861,65.83753724,59.11338665,77.42151874
812.46,61.64615532,66.60848482,58.51129682,78.05444845
813.12,62.91153898,66.58046229,59.32579642,78.50998815
813.78,63.91144266,65.99371767,58.16546468,78.09340724
814.44,64.72369311,66.0826424,57.8554203,76.95366247
815.1,65.26364458,66.99252142,58.98364818,78.07757721
815.76,63.59567704,65.60717656,58.36920746,77.15991396
816.42,64.9390387,67.56933731,57.08103801,77.36934612
817.08,63.92619659,67.43241555,55.0758656,76.56761946
817.74,65.21761391,68.35900513,56.15229046,76.92028719
818.4,65.78826599,68.36684671,56.63243493,75.25871037
819.06,64.99251538,67.4467502,57.12058188,73.75585289
819.72,64.66287193,66.9283981,58.24329096,72.07108855
820.38,66.26706749,66.97039971,59.30965828,69.93564666
821.04,66.92358998,66.24135856,59.41046724,68.01060875
821.7,64.99334752,65.54458115,57.61082465,65.25546003
822.36,65.24373071,64.01925489,57.72415805,64.03977577
823.02,64.35927899,62.51879125,58.10757792,62.44845231
823.68,65.93496451,63.27620539,59.2285112,62.85777121
824.34,65.99251028,63.7747899,58.85095193,60.53589441
825,66.57805223,63.68342972,59.24559801,60.13528757
825.66,65.43459815,62.85264177,58.52594636,58.33474117
826.32,65.92729689,61.54367824,57.92467822,58.67815815
826.98,64.38033942,61.00894694,56.79442337,58.54360025
827.64,63.88550522,61.54270756,56.95142733,58.95233247
828.3,62.84381272,61.76985396,56.95296157,60.70726979
828.96,62.0626373,61.67694136,56.47506689,60.34940821
829.62,62.59595693,61.55400782,55.28906502,60.8323159
830.28,63.00002681,62.32512106,55.53442886,60.7463143
830.94,64.92787683,63.96226596,56.54513554,61.33761754
831.6,66.39741121,64.87054734,57.33112928,60.51643426
832.26,66.00851196,63.88886609,57.10291467,59.98295391
832.92,66.80901775,64.51381787,56.94047613,58.68233388
833.58,67.33822043,64.10131634,56.59729794,58.84712876
834.24,66.6144193,64.03335242,55.18675578,57.92620849
834.9,65.36714837,64.35802188,54.07574801,58.69382639
835.56,67.10176591,64.44488026,55.23509737,60.21202576
836.22,66.62826664,64.05866379,55.0345314,59.15436174
836.88,66.16407122,64.37134096,53.76501084,58.81429865
837.54,65.70231742,63.79874849,53.59876011,58.40925564
838.2,66.58855465,63.15353098,53.91109646,59.03344828
838.86,65.47804612,61.82024856,52.53449902,57.77755485
839.52,65.05237653,60.73954221,51.73291964,57.73261492
840.18,62.32759794,60.74892032,51.2419738,57.43247698
840.84,61.71760337,61.93756651,51.32307176,56.74197488
841.5,59.83033626,61.06776173,50.00452585,55.11227006
842.16,57.55395542,59.14073464,49.94583061,54.72519686
842.82,57.81248151,59.22239811,49.82810342,54.66103853
843.48,57.91639676,61.26153713,50.26718194,54.49789925
844.14,57.22270231,61.25173925,49.57590245,54.49448175
844.8,58.50850318,61.49593196,50.59337594,53.72565151
845.46,58.53177331,60.81545807,49.79141514,53.29163079
846.12,59.62763998,61.41402494,52.32956073,52.83737923
846.78,59.67875613,61.20017422,52.84746607,52.83806154
847.44,59.20153192,60.54032801,52.48647721,52.6297948
848.1,59.6445671,60.94947017,53.95627023,54.45608676
848.76,58.69485033,60.05786863,55.62827226,54.23825463
849.42,57.8869936,58.91983517,55.57513513,53.46181127
850.08,57.40873685,59.16227393,56.4884348,54.68332939
850.74,57.27509849,58.92225856,57.9438553,55.20280006
851.4,57.22861685,58.76900628,58.57518675,55.31760376
852.06,54.69100981,57.1716525,57.96075539,54.4914168
852.72,53.86736831,57.35618913,57.55611981,55.06600683
853.38,53.27603984,57.08107045,55.78399257,56.26582688
854.04,52.9695069,57.16381598,55.07565398,56.52454058
854.7,51.65277913,55.81802185,53.57356229,56.17784026
855.36,52.50594267,54.98331314,53.10893135,57.78086753
856.02,54.73039809,56.20538157,52.56197445,56.98355512
856.68,53.30616158,56.70284792,51.33484128,56.4937408
857.34,54.14252643,56.49103479,50.26399064,56.22181565
858,56.26573836,56.99486962,50.60454489,54.68158597
858.66,56.52639391,56.49281977,49.88539528,53.4311465
859.32,55.80213196,55.69710089,50.95618068,50.38387919
859.98,55.48575029,57.1452684,50.58768832,47.69973517
860.64,56.82049266,57.81941061,50.81841863,47.36478134
861.3,57.27662761,59.47123952,52.06905992,46.35853597
861.96,56.19620063,59.56940664,51.96528801,44.61670298
862.62,58.83064756,60.97221716,51.41510693,45.27292234
863.28,60.75933235,62.99787029,52.50779475,45.53094894
863.94,60.99908457,64.10778641,51.75830575,45.51153681
864.6,61.89634976,64.95074396,51.77728339,46.1601172
865.26,61.31591929,64.19926886,50.76370303,46.34559896
865.92,62.47417535,64.22686439,49.27580209,47.1911514
866.58,63.87611277,63.72660594,48.30163448,48.11376652
867.24,64.44108761,63.63848173,49.4532597,49.03849549
867.9,65.33357716,63.69772197,49.56328431,49.63187653
868.56,65.42863875,63.15143958,50.24289625,50.67825477
869.22,64.50610211,63.26925474,50.62167393,51.25147549
869.88,62.78297999,62.16854573,50.3742875,51.11590099
870.54,63.54063715,62.4733441,50.73006421,51.42906384
871.2,62.26633992,60.98475044,51.70447841,51.35221351
871.86,60.03626531,58.98301791,52.31994742,51.25086116
872.52,58.70955341,58.69948387,53.87944026,49.81907238
873.18,59.4397634,60.39547414,54.83745363,50.19882471
873.84,59.56704355,59.59592392,55.03220819,50.90893088
874.5,57.91619597,58.41522713,54.78397154,50.54664666
875.16,56.65605011,56.95556515,54.04304223,50.65403737
875.82,58.1521099,57.11609307,53.99245179,51.10296409
876.48,57.43763003,56.52043744,52.41592473,50.30244185
877.14,55.76270897,55.41485157,52.43705405,50.07653317
877.8,55.09943768,55.52146618,53.13207619,50.09610442
878.46,54.46137188,54.3082509,52.49094316,49.04455215
879.12,54.53119938,53.91265531,50.91216921,49.26408382
879.78,55.40074248,54.20802269,51.85570265,48.35589606
880.44,55.88104437,54.95569082,52.1309918,47.75767914
881.1,56.55103506,55.52744783,51.91438687,47.71569701
881.76,55.9155073,56.43451748,52.12581355,46.74265129
882.42,55.81365168,57.23901411,50.65765389,46.15446107
883.08,55.41219803,58.02237573,50.73183494,45.62200263
883.74,56.83959182,58.01087549,51.71562863,46.34904508
884.4,56.52131262,58.32121232,52.7893683,46.55535823
885.06,58.4082588,60.36515515,53.22073147,46.64202382
885.72,59.77117857,62.66400109,54.31869486,46.89318461
886.38,61.28156998,63.24989306,54.22396002,48.29749888
887.04,60.70666459,62.61314837,53.19563983,48.73950656
887.7,58.62653028,61.70871077,52.38950523,49.34079647
888.36,58.59428313,60.67328034,51.00168224,50.0958885
889.02,60.76233217,61.43984574,51.66994719,50.56367115
889.68,60.74374838,60.82659024,50.34631554,50.12986978
890.34,60.74837846,61.04666566,50.89861466,50.10261352
891,60.23221009,61.22477939,50.07134746,49.97122995
891.66,59.7245466,60.51260345,47.96244651,48.78747288
892.32,58.22925607,60.52770123,46.96548929,48.50902808
892.98,56.81807101,59.38154869,46.3527986,46.99288413
893.64,56.26788772,58.67338784,46.29249465,45.66931441
894.3,55.4492554,57.70699744,46.95108295,44.83132615
894.96,53.72974638,57.12842453,46.44875878,43.48206793
895.62,51.11766861,55.39151626,46.92707284,43.13636492
896.28,49.28853475,53.87394157,47.80004789,42.93106128
896.94,51.92274948,53.89326489,48.93351117,42.57405156
897.6,52.27103113,55.86900883,50.06428014,41.4005805
898.26,53.26550858,57.03655729,50.92381432,41.54295254
898.92,52.73766639,57.21519814,51.20284586,41.36026784
899.58,53.16255441,56.95931768,51.01793245,41.77900076
900.24,52.39682358,56.13252822,50.65165129,42.31742956
900.9,53.58214254,56.93164269,52.04505234,43.49358883
901.56,55.80977723,56.83344437,51.66343876,44.18837683
902.22,56.84334411,58.73925443,52.63580863,44.41934572
902.88,56.73611431,58.43031992,51.4017059,43.64377671
903.54,56.1128498,58.27607338,50.20850486,43.85819298
904.2,55.40308162,57.80690413,49.64655226,44.52508154
904.86,55.68523266,57.08014325,47.65851005,44.86886
905.52,55.32366456,56.1440526,47.38389887,45.87933733
906.18,54.31627686,55.75174422,46.48705089,46.01206957
906.84,53.16107954,53.99314334,45.93137896,45.69517787
907.5,54.18336128,53.98929909,45.39800164,46.02625351
908.16,54.38959944,54.15539742,44.95025251,46.78532022
908.82,52.97548789,53.75666702,44.86017043,46.79893984
909.48,53.136111,53.90783562,43.9742554,46.61908745
910.14,55.1441038,54.48676531,44.91975196,45.91421652
910.8,54.13467468,54.58712374,44.43090937,44.90661067
911.46,54.69953079,54.79368485,44.68033632,45.30651498
912.12,53.76122259,54.3773967,44.72498734,44.78434597
912.78,53.9255715,54.5044946,46.00400861,44.74776254
913.44,54.45940226,54.63275781,47.57591826,44.77726944
914.1,55.03492407,55.27878025,47.85540612,44.10623891
914.76,52.79138103,53.94525496,47.48087391,42.89666007
915.42,51.40604337,54.44946266,48.60116128,42.48662154
916.08,52.89268548,54.95931768,49.14910192,41.93308926
916.74,52.2179302,54.77584876,49.69898548,42.13067174
917.4,53.00803513,54.42079706,49.90949504,42.69774701
918.06,54.17469439,54.44249834,49.51488466,43.14489434
918.72,52.47701018,54.57920054,48.93546031,42.94475819
919.38,52.69434888,55.05862606,49.44133618,42.58241017
920.04,52.94174896,53.27129652,48.51437631,43.0219444
920.7,55.74889781,55.11026367,49.60717139,43.11911594
921.36,56.06624763,54.88361277,50.47682241,43.55707368
922.02,54.70892348,53.77778485,50.29249232,43.53581509
922.68,53.50051476,53.23799977,50.88757038,43.38566958
923.34,55.01658381,52.67734269,51.14735066,43.18219029
924,54.69218953,52.12687522,50.3796472,43.63929084
924.66,55.18110949,51.52286442,51.6339181,44.06112658
925.32,54.49737457,50.75796536,51.5949492,43.92405336
925.98,55.43804194,50.24183236,51.20377812,43.37014408
926.64,55.31623876,49.46925021,50.50337235,43.49507148
927.3,54.52791833,49.86149773,50.12939621,42.8667624
927.96,52.97490373,50.18278795,50.46685675,43.04231643
928.62,54.04543754,51.59911934,50.86521745,43.73085907
929.28,55.08859693,52.01364134,50.01678914,43.91705975
929.94,54.40362605,51.52629199,49.81838257,43.98798019
930.6,55.30963539,52.64346325,49.7480572,44.52879778
931.26,56.34770038,53.34732904,49.98611123,44.69475059
931.92,54.83340461,52.1841518,49.12828472,44.72931558
932.58,56.07668888,51.98251497,49.28349246,44.59694251
933.24,55.46521105,51.69397034,48.28542071,44.55023437
933.9,55.27927138,52.22334109,48.5389853,43.73479525
934.56,53.78823614,51.76007085,48.45383237,43.58329148
935.22,51.80943036,51.85230485,47.80851555,42.93989841
935.88,50.17279611,51.72573188,47.42260654,42.02526766
936.54,49.74090126,51.41859796,47.02487484,41.49128654
937.2,47.63762485,51.17251308,46.7035535,41.06985298
937.86,46.64756527,51.24239264,46.90706872,40.49170825
938.52,45.48078925,50.94181507,46.04082742,39.79028794
939.18,43.65520322,50.8286971,45.80971808,38.92216389
